<application>
  <component name="libraryTable">
    <library name="Python 3.8 (movie-reviews) interpreter library">
      <CLASSES>
        <root url="file://$USER_HOME$/.pyenv/versions/3.8.1/lib/python3.8" />
        <root url="file://$USER_HOME$/.pyenv/versions/3.8.1/lib/python3.8/lib-dynload" />
        <root url="file://$USER_HOME$/.pyenv/versions/3.8.1/lib/python3.8/site-packages" />
        <root url="file://$USER_HOME$/Library/Caches/IntelliJIdea2019.2/python_stubs/-1525356264" />
        <root url="file://$APPLICATION_PLUGINS_DIR$/python/helpers/python-skeletons" />
        <root url="file://$APPLICATION_PLUGINS_DIR$/python/helpers/typeshed/stdlib/3" />
        <root url="file://$APPLICATION_PLUGINS_DIR$/python/helpers/typeshed/stdlib/2and3" />
        <root url="file://$APPLICATION_PLUGINS_DIR$/python/helpers/typeshed/third_party/3" />
        <root url="file://$APPLICATION_PLUGINS_DIR$/python/helpers/typeshed/third_party/2and3" />
      </CLASSES>
      <JAVADOC />
      <SOURCES>
        <root url="file://$USER_HOME$/.pyenv/versions/3.8.1/lib/python3.8" />
        <root url="file://$USER_HOME$/.pyenv/versions/3.8.1/lib/python3.8/lib-dynload" />
        <root url="file://$USER_HOME$/.pyenv/versions/3.8.1/lib/python3.8/site-packages" />
        <root url="file://$USER_HOME$/Library/Caches/IntelliJIdea2019.2/python_stubs/-1525356264" />
        <root url="file://$APPLICATION_PLUGINS_DIR$/python/helpers/python-skeletons" />
        <root url="file://$APPLICATION_PLUGINS_DIR$/python/helpers/typeshed/stdlib/3" />
        <root url="file://$APPLICATION_PLUGINS_DIR$/python/helpers/typeshed/stdlib/2and3" />
        <root url="file://$APPLICATION_PLUGINS_DIR$/python/helpers/typeshed/third_party/3" />
        <root url="file://$APPLICATION_PLUGINS_DIR$/python/helpers/typeshed/third_party/2and3" />
      </SOURCES>
    </library>
  </component>
</application>