<application>
  <component name="authManager">
    <option name="lastLoginIdcInfo">
      <LastLoginIdcInfo>
        <option name="profileName" value="sso" />
        <option name="region" value="us-east-2" />
        <option name="startUrl" value="https://d-9a6705332c.awsapps.com/start#" />
      </LastLoginIdcInfo>
    </option>
  </component>
  <component name="aws">
    <option name="QMigrationNotificationShownOnce" value="true" />
    <option name="autoUpdateFeatureNotificationShownOnce" value="true" />
    <option name="promptedForTelemetry" value="true" />
  </component>
  <component name="notificationEtag">
    <option name="etag" value="&quot;8155ead2d484a2daeb03438d50c02e6d&quot;" />
  </component>
</application>