<application>
  <component name="Azure Toolkit for IntelliJ">
    <option name="properties">
      <map>
        <entry key="account.azure_environment" value="Azure" />
        <entry key="azurite.enable_lease_mode" value="false" />
        <entry key="bicep.dotnet_runtime_path" value="/usr/local/share/dotnet" />
        <entry key="common.azure_cli_path" value="null" />
        <entry key="common.enable_preloading" value="false" />
        <entry key="common.page_size" value="99" />
        <entry key="cosmos.documents_label_fields" value="name;Name;NAME;ID;UUID;Id;id;uuid" />
        <entry key="event_hubs.consumer_group_name" value="$Default" />
        <entry key="guidance.guidance_courses" value="hello-openai,containerapps-albumapi-java,hello-webapp,hello-spring-apps,hello-function" />
        <entry key="guidance.guidance_shown" value="true" />
        <entry key="monitor.monitor_table_rows" value="200" />
        <entry key="other.enable_auth_persistence" value="true" />
        <entry key="telemetry.telemetry_allow_telemetry" value="true" />
      </map>
    </option>
  </component>
</application>