<application>
  <component name="dataSourceStorage" format="xml" multifile-model="true">
    <data-source source="LOCAL" name="Mattermost" uuid="9aafbef9-db0c-404d-b442-ad223b1dfb2b">
      <driver-ref>mysql.8</driver-ref>
      <synchronize>true</synchronize>
      <jdbc-driver>com.mysql.cj.jdbc.Driver</jdbc-driver>
      <jdbc-url>jdbc:mysql://chat.gravityanalytica.com:3306/mattermost</jdbc-url>
      <jdbc-additional-properties>
        <property name="com.intellij.clouds.kubernetes.db.host.port" />
        <property name="com.intellij.clouds.kubernetes.db.enabled" value="false" />
        <property name="com.intellij.clouds.kubernetes.db.container.port" />
      </jdbc-additional-properties>
      <driver-properties>
        <property name="enabledTLSProtocols" value="TLSv1, TLSv1.1, TLSv1.2, TLSv1.3" />
      </driver-properties>
    </data-source>
    <data-source source="LOCAL" name="RG" uuid="5ec3dd3a-bb9f-4c62-a14e-8b0143b4de89">
      <driver-ref>postgresql</driver-ref>
      <synchronize>true</synchronize>
      <jdbc-driver>org.postgresql.Driver</jdbc-driver>
      <jdbc-url>jdbc:postgresql://db-postgresql-nyc1-91104-do-user-5743582-0.db.ondigitalocean.com:25060/stock</jdbc-url>
    </data-source>
    <data-source source="LOCAL" name="Predictions-Local" uuid="497b8c09-8b7d-42c8-884b-638553b117a1">
      <driver-ref>postgresql</driver-ref>
      <synchronize>true</synchronize>
      <jdbc-driver>org.postgresql.Driver</jdbc-driver>
      <jdbc-url>jdbc:postgresql://localhost:5432/postgres</jdbc-url>
    </data-source>
  </component>
</application>