<application>
  <component name="CodeFoldingSettings">
    <option name="COLLAPSE_IMPORTS" value="false" />
    <option name="COLLAPSE_FILE_HEADER" value="false" />
  </component>
  <component name="CodeInsightSettings">
    <option name="ADD_UNAMBIGIOUS_IMPORTS_ON_THE_FLY" value="true" />
    <option name="JSP_ADD_UNAMBIGIOUS_IMPORTS_ON_THE_FLY" value="true" />
    <EXCLUDED_PACKAGE NAME="java.awt.List" />
    <EXCLUDED_PACKAGE NAME="max.List" />
  </component>
  <component name="CodeVisionSettings">
    <option name="codeVisionGroupToPosition">
      <map>
        <entry key="change.signature" value="Default" />
        <entry key="component.usage" value="Default" />
        <entry key="inheritors" value="Default" />
        <entry key="llm" value="Default" />
        <entry key="problems" value="Default" />
        <entry key="python.web.structure" value="Default" />
        <entry key="references" value="Default" />
        <entry key="rename" value="Default" />
        <entry key="vcs.code.vision" value="Default" />
      </map>
    </option>
    <option name="defaultPosition" value="Right" />
    <option name="disabledCodeVisionProviderIds">
      <set>
        <option value="change.signature" />
        <option value="component.usage" />
        <option value="inheritors" />
        <option value="llm" />
        <option value="problems" />
        <option value="python.web.structure" />
        <option value="references" />
        <option value="rename" />
        <option value="vcs.code.vision" />
      </set>
    </option>
    <option name="enabled" value="false" />
  </component>
  <component name="DeclarativeInlayHintsSettings">
    <option name="enabledOptions">
      <map>
        <entry key="java.annotation.hints#showExternal" value="false" />
        <entry key="java.annotation.hints#showInferred" value="false" />
        <entry key="js.type.hints#function.returns" value="false" />
        <entry key="js.type.hints#non.paren.single.param" value="false" />
        <entry key="js.type.hints#parameters.in.parens" value="false" />
        <entry key="js.type.hints#variables.and.fields" value="false" />
        <entry key="kotlin.lambdas.hints#hints.lambda.receivers.parameters" value="false" />
        <entry key="kotlin.lambdas.hints#hints.lambda.return" value="false" />
        <entry key="kotlin.parameters.hints#hints.parameters.compiled" value="true" />
        <entry key="kotlin.parameters.hints#hints.parameters.excluded" value="false" />
        <entry key="kotlin.references.types.hints#hints.type.function.parameter" value="false" />
        <entry key="kotlin.references.types.hints#hints.type.function.return" value="false" />
        <entry key="kotlin.references.types.hints#hints.type.property" value="false" />
        <entry key="kotlin.references.types.hints#hints.type.variable" value="false" />
        <entry key="kotlin.values.hints#hints.value.kotlin.time" value="false" />
        <entry key="kotlin.values.hints#hints.value.ranges" value="false" />
        <entry key="python.type.inlays#python.type.inlays.function.return" value="false" />
        <entry key="python.type.inlays#python.type.inlays.reveal_type" value="false" />
        <entry key="sql.column.names.inlay.hints#sql.show.column.names.for.asterisk" value="false" />
        <entry key="sql.column.names.inlay.hints#sql.show.column.names.for.set.operations" value="false" />
        <entry key="sql.column.names.inlay.hints#sql.show.column.names.in.insert.values" value="false" />
        <entry key="sql.column.names.inlay.hints#sql.show.column.names.in.select" value="false" />
        <entry key="sql.join.cardinality.hints#full.join" value="false" />
        <entry key="sql.join.cardinality.hints#inner.join" value="false" />
        <entry key="sql.join.cardinality.hints#left.join" value="false" />
        <entry key="sql.join.cardinality.hints#right.join" value="false" />
        <entry key="ts.type.hints#function.returns" value="false" />
        <entry key="ts.type.hints#non.paren.single.param" value="false" />
        <entry key="ts.type.hints#parameters.in.parens" value="false" />
        <entry key="ts.type.hints#variables.and.fields" value="false" />
      </map>
    </option>
    <option name="providerIdToEnabled">
      <map>
        <entry key="groovy.implicit.null.argument" value="false" />
        <entry key="groovy.lambda.parameter.inlay.provider" value="false" />
        <entry key="groovy.local.variable.implicit.types" value="false" />
        <entry key="java.annotation.hints" value="false" />
        <entry key="java.implicit.lambdaParameter" value="false" />
        <entry key="java.implicit.types" value="false" />
        <entry key="java.method.chains" value="false" />
        <entry key="js.chain.hints" value="false" />
        <entry key="js.type.hints" value="false" />
        <entry key="kotlin.compiler.plugins.modality" value="false" />
        <entry key="kotlin.compiler.plugins.supertypes" value="false" />
        <entry key="kotlin.lambdas.hints" value="false" />
        <entry key="kotlin.method.chains" value="false" />
        <entry key="kotlin.parameters.hints" value="false" />
        <entry key="kotlin.references.types.hints" value="false" />
        <entry key="kotlin.values.hints" value="false" />
        <entry key="open.rewrite.recipe" value="false" />
        <entry key="python.type.inlays" value="false" />
        <entry key="qodana.yaml.inspection.descriptions" value="false" />
        <entry key="sql.column.names.inlay.hints" value="false" />
        <entry key="sql.join.cardinality.hints" value="false" />
        <entry key="ts.chain.hints" value="false" />
        <entry key="ts.enum.hints" value="false" />
        <entry key="ts.type.hints" value="false" />
      </map>
    </option>
  </component>
  <component name="EditorSettings">
    <option name="USE_SOFT_WRAPS" value="" />
    <option name="SOFT_WRAP_FILE_MASKS" value="*.md; *.txt; *.rst; *.adoc" />
    <option name="STRIP_TRAILING_SPACES" value="Whole" />
    <option name="IS_ENSURE_NEWLINE_AT_EOF" value="true" />
    <option name="SHOW_QUICK_DOC_ON_MOUSE_OVER_ELEMENT" value="false" />
    <option name="ARE_LINE_NUMBERS_SHOWN" value="false" />
  </component>
  <component name="InlayHintsSettings">
    <option name="disabledHintProviderIds">
      <set>
        <option value="Declarative.cron.inlay" />
        <option value="Declarative.microservices.url.path.inlay.hints" />
        <option value="Dockerfile.docker.inlay.hints" />
        <option value="Groovy.cron.inlay" />
        <option value="Groovy.groovy.implicit.null.argument.hint" />
        <option value="Groovy.groovy.parameters.hints" />
        <option value="Groovy.groovy.variable.type.hints" />
        <option value="Groovy.ktor.add.plugins.gradle" />
        <option value="Groovy.microservices.url.path.inlay.hints" />
        <option value="Groovy.quarkus.edit.extensions.gradle" />
        <option value="Groovy.spring.boot.generate.starters.gradle" />
        <option value="JAVA.annotation.hints" />
        <option value="JAVA.cron.inlay" />
        <option value="JAVA.java.implicit.types" />
        <option value="JAVA.microservices.url.path.inlay.hints" />
        <option value="JAVA.spring.boot.data.aot.method.query" />
        <option value="JAVA.spring.secured.urls.inlay.hints" />
        <option value="Markdown.MarkdownTableInlayProviderSettingsKey" />
        <option value="Properties.cron.inlay" />
        <option value="SQL.sql.join.cardinality.hints" />
        <option value="XML.ktor.add.plugins.maven" />
        <option value="XML.quarkus.edit.extensions.maven" />
        <option value="XML.spring.boot.generate.starters.maven" />
        <option value="XML.spring.secured.urls.inlay.hints" />
        <option value="kotlin.cron.inlay" />
        <option value="kotlin.kotlin.call.chains.hints" />
        <option value="kotlin.kotlin.lambdas.hints" />
        <option value="kotlin.kotlin.references.types.hints" />
        <option value="kotlin.kotlin.values.hints" />
        <option value="kotlin.ktor.add.plugins.gradle.kts" />
        <option value="kotlin.microservices.url.path.inlay.hints" />
        <option value="kotlin.quarkus.edit.extensions.gradle.kts" />
        <option value="kotlin.spring.boot.data.aot.method.query" />
        <option value="kotlin.spring.boot.generate.starters.gradle.kts" />
        <option value="kotlin.spring.secured.urls.inlay.hints" />
        <option value="yaml.cron.inlay" />
      </set>
    </option>
    <option name="lastViewedProviderKeyId" value="" />
    <settingsMapElement>
      <Groovy.groovy.parameters.hints>
        <Settings>
          <option name="showInferredParameterTypes" value="false" />
          <option name="showTypeParameterList" value="false" />
        </Settings>
      </Groovy.groovy.parameters.hints>
      <kotlin.kotlin.values.hints>
        <Settings>
          <option name="ranges" value="false" />
        </Settings>
      </kotlin.kotlin.values.hints>
      <kotlin.kotlin.lambdas.hints>
        <Settings>
          <option name="implicitReceiversAndParams" value="false" />
          <option name="returnExpressions" value="false" />
        </Settings>
      </kotlin.kotlin.lambdas.hints>
      <JAVA.annotation.hints>
        <Settings>
          <option name="showExternal" value="false" />
        </Settings>
      </JAVA.annotation.hints>
    </settingsMapElement>
  </component>
  <component name="InlineCompletionOnboarding">
    <option name="onboardingFinished" value="true" />
  </component>
  <component name="JavaCodeFoldingSettings">
    <option name="collapseOneLineMethods" value="false" />
  </component>
</application>