<application>
  <component name="FileTypeManager" version="17">
    <ignoreFiles list="*.aux,*.log,*.iml,*.fls;*.hprof;*.pyc;*.pyo;*.rbc;*.yarb;*~;.DS_Store;.git;.hg;.svn;CVS;__pycache__;_svn;vssver.scc;vssver2.scc;" />
    <extensionMap>
      <mapping pattern="QueryUtilsTest" type="CLASS" />
      <mapping ext="gradle.kts" type="Kotlin" />
      <mapping ext="main.kts" type="Kotlin" />
      <mapping pattern="cron" type="PLAIN_TEXT" />
      <mapping pattern="rg-cron" type="PLAIN_TEXT" />
      <mapping pattern=".env.chc-npx-dev-local" type="PLAIN_TEXT" />
      <mapping pattern="THESE_SHOULD_BE_SYMLINKS" type="PLAIN_TEXT" />
      <mapping pattern="Dockerfile2" type="PLAIN_TEXT" />
      <mapping pattern="SessionValidationInterceptor.java" type="PLAIN_TEXT" />
      <mapping pattern="luna-ocup-error" type="PLAIN_TEXT" />
      <mapping pattern="asyncio_tests" type="PLAIN_TEXT" />
      <mapping pattern="test_utils" type="PLAIN_TEXT" />
      <mapping pattern="disposable_emails" type="PLAIN_TEXT" />
      <mapping ext="raw" type="PLAIN_TEXT" />
      <mapping ext="2" type="PLAIN_TEXT" />
      <mapping ext="crt" type="PLAIN_TEXT" />
      <mapping ext="dat" type="PLAIN_TEXT" />
      <mapping ext="j2" type="PLAIN_TEXT" />
    </extensionMap>
  </component>
</application>