<application>
  <component name="FileTypeManager" version="19">
    <ignoreFiles list="*.aux,*.log,*.iml,*.fls;*.pyc;*.pyo;*.rbc;*.yarb;*~;.DS_Store;.git;.hg;.mypy_cache;.pytest_cache;.ruff_cache;.svn;CVS;__pycache__;_svn;vssver.scc;vssver2.scc" />
    <extensionMap>
      <mapping pattern="QueryUtilsTest" type="CLASS" />
      <mapping ext="gradle.kts" type="Kotlin" />
      <mapping ext="main.kts" type="Kotlin" />
      <mapping ext="mp4" type="Native" />
      <mapping pattern="SessionValidationInterceptor.java" type="PLAIN_TEXT" />
      <mapping pattern="cron" type="PLAIN_TEXT" />
      <mapping pattern="luna-ocup-error" type="PLAIN_TEXT" />
      <mapping pattern="Dockerfile-worker" type="PLAIN_TEXT" />
      <mapping pattern="asyncio_tests" type="PLAIN_TEXT" />
      <mapping pattern="Dockerfile2" type="PLAIN_TEXT" />
      <mapping pattern="Dockerfile-bot" type="PLAIN_TEXT" />
      <mapping pattern="test_utils" type="PLAIN_TEXT" />
      <mapping pattern="disposable_emails" type="PLAIN_TEXT" />
      <mapping pattern="THESE_SHOULD_BE_SYMLINKS" type="PLAIN_TEXT" />
      <mapping pattern=".env.chc-npx-dev-local" type="PLAIN_TEXT" />
      <mapping pattern="rg-cron" type="PLAIN_TEXT" />
      <mapping ext="raw" type="PLAIN_TEXT" />
      <mapping ext="2" type="PLAIN_TEXT" />
      <mapping ext="j2" type="PLAIN_TEXT" />
      <mapping ext="db-init" type="PLAIN_TEXT" />
      <mapping ext="dat" type="PLAIN_TEXT" />
      <mapping ext="crt" type="PLAIN_TEXT" />
      <removed_mapping ext="ddl" approved="true" type="DBN-SQL" />
      <removed_mapping ext="fnc" approved="true" type="SQL" />
      <removed_mapping ext="j2" approved="true" type="Jinja2" />
      <removed_mapping ext="pdf" approved="true" type="Native" />
      <removed_mapping ext="pkb" approved="true" type="SQL" />
      <removed_mapping ext="pks" approved="true" type="SQL" />
      <removed_mapping ext="prc" approved="true" type="SQL" />
      <removed_mapping ext="sql" approved="true" type="DBN-SQL" />
      <removed_mapping ext="tpb" approved="true" type="SQL" />
      <removed_mapping ext="tps" approved="true" type="SQL" />
      <removed_mapping ext="trg" approved="true" type="SQL" />
      <removed_mapping ext="vw" approved="true" type="SQL" />
    </extensionMap>
  </component>
</application>