<application>
  <component name="ProfilerRunConfigurations">
    <profilerRunConfigurations>
      <item configurationTypeId="IntellijProfilerConfiguration">
        <IntellijProfilerConfigurationState name="IntelliJ Profiler" />
      </item>
    </profilerRunConfigurations>
    <knownConfigurationTypes>
      <id>AsyncProfilerCPUConfiguration</id>
      <id>AsyncProfilerMemoryConfiguration</id>
      <id>JFRSimpleConfiguration</id>
      <id>IntellijProfilerConfiguration</id>
      <id>AsyncProfilerConfiguration</id>
    </knownConfigurationTypes>
    <migrationStatus>
      <status languageGroup="Java Profiler Configuration Type" lastMigrationIndex="3" />
    </migrationStatus>
  </component>
</application>