<application>
  <component name="ProjectManager">
    <defaultProject>
      <component name="GradleLocalSettings">
        <option name="projectSyncType">
          <map>
            <entry key="$USER_HOME$/github/ideavim" value="PREVIEW" />
            <entry key="$USER_HOME$/mcg/address" value="PREVIEW" />
            <entry key="$USER_HOME$/mcg/applicant" value="PREVIEW" />
            <entry key="$USER_HOME$/mcg/application" value="PREVIEW" />
            <entry key="$USER_HOME$/mcg/application-model" value="PREVIEW" />
            <entry key="$USER_HOME$/mcg/bams/applicant-bams" value="PREVIEW" />
            <entry key="$USER_HOME$/mcg/bams/application-model-bams" value="PREVIEW" />
            <entry key="$USER_HOME$/mcg/bams/bams-common" value="PREVIEW" />
            <entry key="$USER_HOME$/mcg/bams/cart-bams" value="PREVIEW" />
            <entry key="$USER_HOME$/mcg/bams/email-bams" value="PREVIEW" />
            <entry key="$USER_HOME$/mcg/bams/esign-bams" value="PREVIEW" />
            <entry key="$USER_HOME$/mcg/bams/merchant-bams" value="PREVIEW" />
            <entry key="$USER_HOME$/mcg/bams/payment-bams" value="PREVIEW" />
            <entry key="$USER_HOME$/mcg/bams/user-bams" value="PREVIEW" />
            <entry key="$USER_HOME$/mcg/bank" value="PREVIEW" />
            <entry key="$USER_HOME$/mcg/business" value="PREVIEW" />
            <entry key="$USER_HOME$/mcg/cep-support" value="PREVIEW" />
            <entry key="$USER_HOME$/mcg/cep-support-ui" value="PREVIEW" />
            <entry key="$USER_HOME$/mcg/common-db" value="PREVIEW" />
            <entry key="$USER_HOME$/mcg/common/identity" value="PREVIEW" />
            <entry key="$USER_HOME$/mcg/email" value="PREVIEW" />
            <entry key="$USER_HOME$/mcg/esign" value="PREVIEW" />
            <entry key="$USER_HOME$/mcg/firstdata" value="PREVIEW" />
            <entry key="$USER_HOME$/mcg/firstdata/swagger" value="PREVIEW" />
            <entry key="$USER_HOME$/mcg/hystrix_common" value="PREVIEW" />
            <entry key="$USER_HOME$/mcg/iao-common" value="PREVIEW" />
            <entry key="$USER_HOME$/mcg/iao/iao-common" value="PREVIEW" />
            <entry key="$USER_HOME$/mcg/identity" value="PREVIEW" />
            <entry key="$USER_HOME$/mcg/merchant" value="PREVIEW" />
            <entry key="$USER_HOME$/mcg/payment" value="PREVIEW" />
            <entry key="$USER_HOME$/mcg/product" value="PREVIEW" />
            <entry key="$USER_HOME$/mcg/product-bams" value="PREVIEW" />
            <entry key="$USER_HOME$/mcg/questionaire" value="PREVIEW" />
            <entry key="$USER_HOME$/mcg/referral" value="PREVIEW" />
            <entry key="$USER_HOME$/mcg/report" value="PREVIEW" />
            <entry key="$USER_HOME$/mcg/salesforce" value="PREVIEW" />
            <entry key="$USER_HOME$/mcg/support" value="PREVIEW" />
            <entry key="$USER_HOME$/mcg/support-model" value="PREVIEW" />
            <entry key="$USER_HOME$/mcg/tax" value="PREVIEW" />
            <entry key="$USER_HOME$/mcg/tin" value="PREVIEW" />
            <entry key="$USER_HOME$/mcg/user" value="PREVIEW" />
          </map>
        </option>
      </component>
      <component name="MavenImportPreferences">
        <option name="generalSettings">
          <MavenGeneralSettings>
            <option name="mavenHome" value="$APPLICATION_HOME_DIR$/plugins/maven/lib/maven3" />
          </MavenGeneralSettings>
        </option>
      </component>
      <component name="NodePackageJsonFileManager">
        <packageJsonPaths />
      </component>
      <component name="PropertiesComponent">
        <property name="nodejs_interpreter_path.stuck_in_default_project" value="undefined stuck path" />
        <property name="nodejs_npm_path_reset_for_default_project" value="true" />
        <property name="settings.editor.selected.configurable" value="database.main" />
      </component>
      <component name="RunManager">
        <configuration default="true" type="Applet" factoryName="Applet">
          <option name="POLICY_FILE" value="$APPLICATION_HOME_DIR$/bin/appletviewer.policy" />
          <method v="2">
            <option name="Make" enabled="true" />
          </method>
        </configuration>
        <configuration default="true" type="Application" factoryName="Application">
          <option name="WORKING_DIRECTORY" value="$PROJECT_DIR$" />
          <method v="2">
            <option name="Make" enabled="true" />
          </method>
        </configuration>
        <configuration default="true" type="JUnit" factoryName="JUnit">
          <option name="TEST_OBJECT" value="class" />
          <option name="WORKING_DIRECTORY" value="%MODULE_WORKING_DIR%" />
          <method v="2">
            <option name="Make" enabled="true" />
          </method>
        </configuration>
        <configuration default="true" type="TestNG">
          <option name="TEST_OBJECT" value="CLASS" />
          <option name="WORKING_DIRECTORY" value="%MODULE_WORKING_DIR%" />
          <properties />
          <listeners />
          <method v="2">
            <option name="Make" enabled="true" />
          </method>
        </configuration>
        <configuration default="true" type="#org.jetbrains.idea.devkit.run.PluginConfigurationType">
          <module name="" />
          <option name="VM_PARAMETERS" value="-Xmx512m -Xms256m -XX:MaxPermSize=250m -ea" />
          <option name="PROGRAM_PARAMETERS" />
          <predefined_log_file enabled="true" id="idea.log" />
          <method v="2">
            <option name="Make" enabled="true" />
          </method>
        </configuration>
      </component>
      <component name="SbtLocalSettings">
        <option name="projectSyncType">
          <map>
            <entry key="$USER_HOME$/fd/fdbusinesstrack/btrack-ui-proxy" value="PREVIEW" />
            <entry key="$USER_HOME$/firstdatamerchantservices/AdminPortal/AdminPortalServices" value="PREVIEW" />
            <entry key="$USER_HOME$/firstdatamerchantservices/Services" value="PREVIEW" />
            <entry key="$USER_HOME$/firstdatamerchantservices/fdmarketplace" value="PREVIEW" />
            <entry key="$USER_HOME$/firstdatamerchantservices/marketplaceworker" value="PREVIEW" />
            <entry key="$USER_HOME$/firstdatamerchantservices/salesforceservices" value="PREVIEW" />
            <entry key="$USER_HOME$/marketplaceworkflow/boardingworkflow" value="PREVIEW" />
            <entry key="$USER_HOME$/marketplaceworkflow/notifications" value="PREVIEW" />
            <entry key="$USER_HOME$/marketplaceworkflow/services" value="PREVIEW" />
            <entry key="$USER_HOME$/report-organizer-ui" value="PREVIEW" />
            <entry key="$USER_HOME$/report-organizer/event-engine/event-engine-api-services" value="PREVIEW" />
            <entry key="$USER_HOME$/report-organizer/ro-portal/ro-portal-admin-services" value="PREVIEW" />
            <entry key="$USER_HOME$/report-organizer/ro-portal/ro-portal-api-services" value="PREVIEW" />
            <entry key="$USER_HOME$/report-organizer/ro-portal/ro-portal-auth-services" value="PREVIEW" />
          </map>
        </option>
      </component>
      <component name="ScalaSbtSettings">
        <option name="customVMPath" />
      </component>
      <component name="masterDetails">
        <states>
          <state key="ProjectJDKs.UI">
            <settings>
              <last-edited>1.8</last-edited>
              <splitter-proportions>
                <option name="proportions">
                  <list>
                    <option value="0.2" />
                  </list>
                </option>
              </splitter-proportions>
            </settings>
          </state>
        </states>
      </component>
    </defaultProject>
  </component>
</application>