<application>
  <component name="Trusted.Paths">
    <option name="TRUSTED_PROJECT_PATHS">
      <map>
        <entry key="$USER_HOME$/Downloads/NobleUI-Angular-v2.1.0/template/demo3" value="true" />
        <entry key="$USER_HOME$/edray/CPLBackEnd" value="true" />
        <entry key="$USER_HOME$/edray/EDRAY.Prototypes/MilestoneProcessor" value="true" />
        <entry key="$USER_HOME$/github/FastAPI-PgStarterKit" value="true" />
        <entry key="$USER_HOME$/github/ideavim" value="true" />
        <entry key="$USER_HOME$/github/pipeshub-ai" value="true" />
        <entry key="$USER_HOME$/workspace/GA-Website" value="true" />
        <entry key="$USER_HOME$/workspace/TooTabTooFurious" value="true" />
        <entry key="$USER_HOME$/workspace/arangodb_graphrag_poc" value="true" />
        <entry key="$USER_HOME$/workspace/beautybank" value="true" />
        <entry key="$USER_HOME$/workspace/button" value="true" />
        <entry key="$USER_HOME$/workspace/ga2" value="true" />
        <entry key="$USER_HOME$/workspace/ga2/api" value="true" />
        <entry key="$USER_HOME$/workspace/ga2/area51" value="true" />
        <entry key="$USER_HOME$/workspace/ga2/lambda_ticker_grabber" value="true" />
        <entry key="$USER_HOME$/workspace/ga2/preprocess_flow" value="true" />
        <entry key="$USER_HOME$/workspace/ga2/ticker_process_flow" value="true" />
        <entry key="$USER_HOME$/workspace/ga2/ui" value="true" />
        <entry key="$USER_HOME$/workspace/kidsdraw" value="true" />
        <entry key="$USER_HOME$/workspace/paiwares-ach/api" value="true" />
        <entry key="$USER_HOME$/workspace/paiwares-carfax/ui" value="true" />
        <entry key="$USER_HOME$/workspace/paiwares/api" value="true" />
        <entry key="$USER_HOME$/workspace/paiwares/ui" value="true" />
        <entry key="$USER_HOME$/workspace/panel/api" value="true" />
        <entry key="$USER_HOME$/workspace/panel/ui" value="true" />
        <entry key="$USER_HOME$/workspace/quantum_angular_v1.0" value="true" />
        <entry key="$USER_HOME$/workspace/rg-apps/email_service" value="true" />
        <entry key="$USER_HOME$/workspace/titan" value="true" />
        <entry key="$USER_HOME$/workspace/titan/mcp" value="true" />
        <entry key="$USER_HOME$/workspace/titan/modelhub" value="true" />
        <entry key="$USER_HOME$/workspace/titan/multicloud_lambda_poc" value="true" />
        <entry key="$USER_HOME$/xup/xup-frontend-utils" value="true" />
      </map>
    </option>
  </component>
  <component name="Trusted.Paths.Settings">
    <option name="TRUSTED_PATHS">
      <list>
        <option value="$USER_HOME$/workspace" />
      </list>
    </option>
  </component>
</application>