<application>
  <component name="VimEditorSettings">
    <editor />
  </component>
  <component name="VimKeySettings">
    <shortcut-conflicts>
      <shortcut-conflict owner="vim">
        <text encoding="base64">Y3RybCBwcmVzc2VkIFI=</text>
      </shortcut-conflict>
      <shortcut-conflict owner="vim">
        <text encoding="base64">Y3RybCBwcmVzc2VkIFY=</text>
      </shortcut-conflict>
      <shortcut-conflict owner="vim">
        <text encoding="base64">Y3RybCBwcmVzc2VkIEk=</text>
      </shortcut-conflict>
      <shortcut-conflict owner="vim">
        <text encoding="base64">Y3RybCBwcmVzc2VkIEE=</text>
      </shortcut-conflict>
      <shortcut-conflict owner="vim">
        <text encoding="base64">c2hpZnQgY3RybCBwcmVzc2VkIDI=</text>
      </shortcut-conflict>
      <shortcut-conflict owner="vim">
        <text encoding="base64">Y3RybCBwcmVzc2VkIEI=</text>
      </shortcut-conflict>
      <shortcut-conflict owner="vim">
        <text encoding="base64">Y3RybCBwcmVzc2VkIDI=</text>
      </shortcut-conflict>
      <shortcut-conflict owner="vim">
        <text encoding="base64">Y3RybCBwcmVzc2VkIFQ=</text>
      </shortcut-conflict>
      <shortcut-conflict owner="vim">
        <text encoding="base64">Y3RybCBwcmVzc2VkIEQ=</text>
      </shortcut-conflict>
      <shortcut-conflict owner="vim">
        <text encoding="base64">Y3RybCBwcmVzc2VkIEg=</text>
      </shortcut-conflict>
      <shortcut-conflict owner="vim">
        <text encoding="base64">Y3RybCBwcmVzc2VkIE4=</text>
      </shortcut-conflict>
      <shortcut-conflict owner="vim">
        <text encoding="base64">Y3RybCBwcmVzc2VkIE0=</text>
      </shortcut-conflict>
      <shortcut-conflict owner="vim">
        <text encoding="base64">c2hpZnQgcHJlc3NlZCBMRUZU</text>
      </shortcut-conflict>
      <shortcut-conflict owner="vim">
        <text encoding="base64">cHJlc3NlZCBCQUNLX1NQQUNF</text>
      </shortcut-conflict>
      <shortcut-conflict owner="vim">
        <text encoding="base64">cHJlc3NlZCBVUA==</text>
      </shortcut-conflict>
      <shortcut-conflict owner="vim">
        <text encoding="base64">cHJlc3NlZCBUQUI=</text>
      </shortcut-conflict>
      <shortcut-conflict owner="vim">
        <text encoding="base64">Y3RybCBwcmVzc2VkIE8=</text>
      </shortcut-conflict>
      <shortcut-conflict owner="vim">
        <text encoding="base64">Y3RybCBwcmVzc2VkIFE=</text>
      </shortcut-conflict>
      <shortcut-conflict owner="vim">
        <text encoding="base64">Y3RybCBwcmVzc2VkIEc=</text>
      </shortcut-conflict>
      <shortcut-conflict owner="vim">
        <text encoding="base64">Y3RybCBwcmVzc2VkIFM=</text>
      </shortcut-conflict>
      <shortcut-conflict owner="vim">
        <text encoding="base64">Y3RybCBwcmVzc2VkIFc=</text>
      </shortcut-conflict>
      <shortcut-conflict owner="vim">
        <text encoding="base64">Y3RybCBwcmVzc2VkIEw=</text>
      </shortcut-conflict>
      <shortcut-conflict owner="vim">
        <text encoding="base64">Y3RybCBwcmVzc2VkIEY=</text>
      </shortcut-conflict>
      <shortcut-conflict owner="vim">
        <text encoding="base64">Y3RybCBwcmVzc2VkIEM=</text>
      </shortcut-conflict>
      <shortcut-conflict owner="vim">
        <text encoding="base64">c2hpZnQgcHJlc3NlZCBSSUdIVA==</text>
      </shortcut-conflict>
      <shortcut-conflict owner="vim">
        <text encoding="base64">c2hpZnQgcHJlc3NlZCBVUA==</text>
      </shortcut-conflict>
      <shortcut-conflict owner="vim">
        <text encoding="base64">c2hpZnQgcHJlc3NlZCBET1dO</text>
      </shortcut-conflict>
      <shortcut-conflict owner="vim">
        <text encoding="base64">c2hpZnQgcHJlc3NlZCBFTlRFUg==</text>
      </shortcut-conflict>
    </shortcut-conflicts>
  </component>
  <component name="VimSettings">
    <state version="7" enabled="true" />
    <notifications>
      <idea-join enabled="false" />
      <idea-put enabled="false" />
      <was-automatically-subscribed-to-eap enabled="false" />
      <first-ideavim-version value="2.19.0" />
    </notifications>
  </component>
</application>