<application>
  <component name="DimensionService">
    <location key="NewModule_or_Project.wizard.0.0.3360.2100@192dpi" x="936" y="230" />
    <location key="WELCOME_SCREEN.0.0.3360.2100@192dpi" x="1678" y="906" />
    <location key="com.intellij.ide.util.TipDialog.0.0.3360.2100@192dpi" x="950" y="742" />
    <location key="#com.intellij.execution.impl.EditConfigurationsDialog.0.0.3360.2100@192dpi" x="424" y="114" />
    <location key="SettingsEditor.0.0.3360.2100@192dpi" x="650" y="272" />
    <location key="#Browse_JetBrains_Plugins_.0.0.3360.2100@192dpi" x="1040" y="400" />
    <location key="ProcessPopupWindow.0.0.3360.2100@192dpi" x="1764" y="890" />
    <location key="#Project_Structure.0.0.3360.2100@192dpi" x="656" y="238" />
    <location key="DetectedRootsChooserDialog.0.0.3360.2100@192dpi" x="1204" y="518" />
    <location key="#com.intellij.openapi.roots.ui.configuration.libraryEditor.LibraryEditorDialog.0.0.3360.2100@192dpi" x="1540" y="584" />
    <location key="#com.intellij.codeInsight.editorActions.RestoreReferencesDialog.0.0.3360.2100@192dpi" x="1152" y="600" />
    <location key="com.intellij.openapi.vcs.update.UpdateOrStatusOptionsDialogupdate.0.0.3360.2100@192dpi" x="1182" y="860" />
    <location key="#com.intellij.util.ui.classpath.ChooseLibrariesDialog.0.0.3360.2100@192dpi" x="1342" y="638" />
    <location key="RollbackChangesDialog.0.0.3360.2100@192dpi" x="1262" y="540" />
    <location key="#AddressValidatorApplication.0.0.3360.2100@192dpi" x="934" y="156" />
    <location key="#App.0.0.3360.2100@192dpi" x="934" y="156" />
    <location key="#Browse_Repositories.0.0.3360.2100@192dpi" x="1000" y="384" />
    <location key="#com.intellij.ide.util.MemberChooser.0.0.1920.1200" x="767" y="335" />
    <location key="#com.intellij.codeInsight.editorActions.RestoreReferencesDialog.0.0.1920.1200" x="696" y="375" />
    <location key="#com.intellij.refactoring.safeDelete.UnsafeUsagesDialog.0.0.1920.1200" x="696" y="367" />
    <location key="#com.intellij.execution.impl.EditConfigurationsDialog.0.0.1920.1200" x="438" y="278" />
    <location key="SettingsEditor.0.0.1920.1200" x="445" y="265" />
    <location key="#xdebugger.evaluate.0.0.3360.2100@192dpi" x="288" y="46" />
    <location key="#com.intellij.codeInsight.editorActions.RestoreReferencesDialog.0.0.3440.1440" x="2315" y="495" />
    <location key="RollbackChangesDialog.0.0.1920.1200" x="621" y="345" />
    <location key="VCS.ChangeListViewerDialog.0.0.1920.1200" x="745" y="340" />
    <location key="NewModule_or_Project.wizard.0.0.3440.1440" x="2106" y="490" />
    <location key="SettingsEditor.0.0.3440.1440" x="669" y="222" />
    <location key="MultipleFileMergeDialog.0.0.1920.1200" x="662" y="357" />
    <location key="NewModule_or_Project.wizard.0.0.1920.1200" x="589" y="271" />
    <location key="#com.intellij.ide.util.MemberChooser.1920.0.1920.1200" x="2603" y="322" />
    <location key="#com.intellij.ide.util.PackageChooserDialog.0.0.1920.1200" x="698" y="397" />
    <location key="#com.intellij.refactoring.move.moveClassesOrPackages.MoveClassesOrPackagesDialog.classes.0.0.1920.1200" x="719" y="477" />
    <location key="#xdebugger.evaluate.0.0.1920.1200" x="838" y="341" />
    <location key="#com.intellij.ide.util.MemberChooser.0.0.3360.2100@192dpi" x="1302" y="464" />
    <location key="#App.0.0.3440.1440" x="1920" y="273" />
    <location key="#com.intellij.execution.impl.EditConfigurationsDialog.0.0.3440.1440" x="1430" y="267" />
    <location key="com.intellij.database.view.ui.DbObjectDialog.0.0.1920.1200" x="841" y="458" />
    <location key="#com.intellij.execution.impl.EditConfigurationsDialog.1920.0.1920.1200" x="2248" y="213" />
    <location key="com.intellij.database.view.ui.DbObjectDialog.1920.0.1920.1200" x="2759" y="458" />
    <location key="#xdebugger.evaluate.0.0.3440.1440" x="3698" y="221" />
    <location key="#com.intellij.refactoring.safeDelete.UnsafeUsagesDialog.1920.0.1920.1200" x="2616" y="367" />
    <location key="#com.intellij.refactoring.safeDelete.UnsafeUsagesDialog.0.0.3360.2100@192dpi" x="1152" y="584" />
    <location key="#com.intellij.ws.xml.jaxb.GenerateJavaFromJAXBSchemasDialog.0.0.3360.2100@192dpi" x="1074" y="750" />
    <location key="#com.intellij.refactoring.move.MoveHandler.SelectRefactoringDialog.0.0.3360.2100@192dpi" x="1020" y="926" />
    <location key="vcs.readOnlyHandler.ReadOnlyStatusDialog.0.0.3360.2100@192dpi" x="1150" y="774" />
    <location key="com.intellij.openapi.vcs.update.UpdateOrStatusOptionsDialogupdate.0.0.3440.1440" x="2330" y="625" />
    <location key="#com.intellij.ide.util.MemberChooser.0.0.3440.1440" x="2390" y="426" />
    <location key="#com.intellij.fileTypes.FileTypeChooser.0.0.3440.1440" x="2013" y="537" />
    <location key="#com.intellij.refactoring.safeDelete.UnsafeUsagesDialog.0.0.3440.1440" x="2029" y="487" />
    <location key="WELCOME_SCREEN.0.0.3440.1440" x="1719" y="583" />
    <location key="MultipleFileMergeDialog.0.0.3440.1440" x="2006" y="477" />
    <location key="ProcessPopupWindow.0.0.3440.1440" x="2411" y="691" />
    <location key="MergeDialog.0.0.3440.1440" x="664" y="128" />
    <location key="MergeDialog.0.0.3360.2100@192dpi" x="312" y="178" />
    <location key="MultipleFileMergeDialog.0.0.3360.2100@192dpi" x="1080" y="564" />
    <location key="#com.intellij.fileTypes.FileTypeChooser.0.0.1920.1200" x="679" y="418" />
    <location key="CommitChangelistDialog2.0.0.3440.1440" x="1877" y="354" />
    <location key="#Browse_Repositories.0.0.3440.1440" x="1909" y="375" />
    <location key="#SCSS_Lint.0.0.3440.1440" x="1978" y="604" />
    <location key="com.intellij.openapi.editor.actions.MultiplePasteAction$ClipboardContentChooser.0.0.3440.1440" x="1839" y="358" />
    <location key="#Project_Structure.0.0.3440.1440" x="1602" y="331" />
    <location key="#Notifications.0.0.3440.1440" x="2007" y="456" />
    <location key="VCS.ChangeListViewerDialog.0.0.3440.1440" x="1559" y="417" />
    <location key="#com.intellij.execution.impl.EditConfigurationsDialog.3440.0.1920.1200" x="3864" y="273" />
    <location key="SettingsEditor.3440.0.1920.1200" x="3886" y="263" />
    <location key="#App.3440.0.1920.1200" x="4014" y="269" />
    <location key="#xdebugger.evaluate.-1920.0.1920.1200" x="-1087" y="326" />
    <location key="#xdebugger.evaluate.3440.0.1920.1200" x="3440" y="23" />
    <location key="ProcessPopupWindow.3440.0.1920.1200" x="4875" y="1086" />
    <location key="#com.intellij.featureStatistics.actions.ShowFeatureUsageStatisticsDialog.0.0.3360.2100@192dpi" x="534" y="508" />
    <location key="#MerchPurch_-_QA.0.0.3440.1440" x="1425" y="388" />
    <location key="#MerchPurch_-_Dev.0.0.3440.1440" x="1186" y="388" />
    <location key="com.intellij.database.dbimport.ImportDialog.0.0.3360.2100@192dpi" x="856" y="396" />
    <location key="#QA.0.0.3440.1440" x="1907" y="390" />
    <location key="#com.intellij.refactoring.move.MoveHandler.SelectRefactoringDialog.0.0.3440.1440" x="1848" y="623" />
    <location key="#com.intellij.refactoring.rename.AutomaticRenamingDialog.0.0.3440.1440" x="1860" y="23" />
    <location key="ANALYSIS_DLG_com.intellij.analysis.BaseAnalysisAction$1.0.0.3440.1440" x="1972" y="567" />
    <location key="#QA.0.0.3360.2100@192dpi" x="908" y="320" />
    <location key="#com.intellij.codeInsight.editorActions.RestoreReferencesDialog.3440.0.1920.1200" x="4138" y="373" />
    <location key="DetectedRootsChooserDialog.0.0.3440.1440" x="2055" y="452" />
    <location key="com.intellij.xdebugger.impl.breakpoints.ui.BreakpointsDialogFactory$2.0.0.3440.1440" x="1709" y="474" />
    <location key="#Browse_JetBrains_Plugins_.0.0.3440.1440" x="587" y="330" />
    <location key="#com.intellij.fileTypes.FileTypeChooser.0.0.3360.2100@192dpi" x="1098" y="680" />
    <location key="#Mercant_Purchase_-_UAT.0.0.3440.1440" x="1907" y="390" />
    <location key="com.intellij.openapi.editor.actions.MultiplePasteAction$ClipboardContentChooser.3440.0.1920.1200" x="4068" y="300" />
    <location key="#UAT.0.0.3440.1440" x="1916" y="263" />
    <location key="find.popup.0.0.3440.1440" x="1428" y="465" />
    <location key="FileDocumentManager.FileCacheConflict.0.0.3360.2100@192dpi" x="0" y="46" />
    <location key="#com.intellij.ide.util.projectWizard.JdkChooserPanel.MyDialog.0.0.3440.1440" x="1986" y="680" />
    <location key="RollbackChangesDialog.0.0.3440.1440" x="1473" y="448" />
    <location key="#com.intellij.ide.util.frameworkSupport.AddFrameworkSupportDialog.0.0.3440.1440" x="1912" y="408" />
    <location key="#Assign_Data_Sources.0.0.3440.1440" x="2057" y="478" />
    <location key="com.intellij.database.view.ui.AbstractDbRefactoringDialog.0.0.3440.1440" x="772" y="250" />
    <location key="com.intellij.database.view.ui.DeleteDialog.0.0.3440.1440" x="1596" y="625" />
    <location key="#com.intellij.ide.util.MemberChooser.3440.0.1920.1200" x="4093" y="230" />
    <location key="com.intellij.database.view.ui.AbstractDbRefactoringDialog.3440.0.1920.1200" x="3640" y="217" />
    <location key="com.intellij.database.view.editors.DatabaseObjectCommentEditor$1$1.0.0.3440.1440" x="1745" y="678" />
    <location key="com.intellij.database.view.ui.AbstractDbRefactoringDialog.-1920.0.1920.1200" x="805" y="364" />
    <location key="NewModule_or_Project.wizard.0.0.1920.1080" x="469" y="187" />
    <location key="#com.intellij.execution.impl.EditConfigurationsDialog.3840.0.3360.2100@192dpi" x="4622" y="402" />
    <location key="WELCOME_SCREEN.0.0.1920.1080" x="959" y="463" />
    <location key="#Browse_Repositories.0.0.1920.1080" x="548" y="127" />
    <location key="#Plugins.0.0.1920.1080" x="560" y="130" />
    <location key="SettingsEditor.3840.0.3360.2100@192dpi" x="4120" y="206" />
    <location key="#com.intellij.ide.util.projectWizard.JdkChooserPanel.MyDialog.3840.0.3360.2100@192dpi" x="5188" y="978" />
    <location key="NewModule_or_Project.wizard.3840.0.3360.2100@192dpi" x="4778" y="378" />
    <location key="#com.intellij.openapi.projectRoots.ui.ProjectJdksEditor.3840.0.3360.2100@192dpi" x="4696" y="400" />
    <location key="ProcessPopupWindow.3840.0.3360.2100@192dpi" x="6350" y="1872" />
    <location key="#com.intellij.ide.util.MemberChooser.3840.0.3360.2100@192dpi" x="5146" y="464" />
    <location key="SettingsEditor.0.0.1920.1080" x="243" y="76" />
    <location key="com.intellij.database.view.ui.AbstractDbRefactoringDialog.3840.0.3360.2100@192dpi" x="4520" y="694" />
    <location key="#xdebugger.evaluate.3840.0.3360.2100@192dpi" x="264" y="218" />
    <location key="com.intellij.database.view.ui.DeleteDialog.3840.0.3360.2100@192dpi" x="5244" y="880" />
    <location key="#com.intellij.codeInsight.editorActions.RestoreReferencesDialog.3840.0.3360.2100@192dpi" x="4996" y="600" />
    <location key="com.intellij.database.view.ui.AbstractDbRefactoringDialog.0.0.3360.2100@192dpi" x="952" y="306" />
    <location key="VCS.ChangeListViewerDialog.0.0.3360.2100@192dpi" x="1268" y="502" />
    <location key="#MultiLocationOrderControllerTest.updateOrderWithMCC.3840.0.3360.2100@192dpi" x="4770" y="414" />
    <location key="#Project_Structure.3840.0.3360.2100@192dpi" x="4496" y="238" />
    <location key="#com.intellij.refactoring.safeDelete.UnsafeUsagesDialog.3840.0.3360.2100@192dpi" x="4996" y="584" />
    <location key="com.intellij.openapi.vcs.update.UpdateOrStatusOptionsDialogupdate.3840.0.3360.2100@192dpi" x="5002" y="872" />
    <location key="IDE.errors.dialog.0.0.3360.2100@192dpi" x="812" y="556" />
    <location key="#TSLint.0.0.3440.1440" x="2052" y="542" />
    <location key="#Plugins.3840.0.3360.2100@192dpi" x="4720" y="406" />
    <location key="#com.intellij.codeInsight.editorActions.RestoreReferencesDialog.1680.0.1920.1200" x="2378" y="375" />
    <location key="#xdebugger.evaluate.1680.0.1920.1200" x="-1466" y="81" />
    <location key="com.intellij.xdebugger.impl.breakpoints.ui.BreakpointsDialogFactory$2.0.0.3360.2100@192dpi" x="688" y="564" />
    <location key="com.intellij.openapi.editor.actions.MultiplePasteAction$ClipboardContentChooser.0.0.3360.2100@192dpi" x="1016" y="390" />
    <location key="com.intellij.openapi.vcs.update.UpdateOrStatusOptionsDialogupdate.1680.0.1920.1200" x="2381" y="511" />
    <location key="#Notifications.0.0.3360.2100@192dpi" x="1192" y="522" />
    <location key="#com.intellij.execution.impl.EditConfigurationsDialog.1680.0.1920.1200" x="2161" y="291" />
    <location key="#Web_Browsers.1680.0.1920.1200" x="1995" y="457" />
    <location key="#Chrome_Settings.0.0.3360.2100@192dpi" x="1770" y="1066" />
    <location key="#Web_Browsers.0.0.3360.2100@192dpi" x="1378" y="702" />
    <location key="SettingsEditor.-1920.0.1920.1200" x="-1466" y="265" />
    <location key="NewModule_or_Project.wizard.1680.0.1920.1200" x="2438" y="476" />
    <location key="#Browse_Repositories.1680.0.1920.1200" x="2229" y="275" />
    <location key="SettingsEditor.1680.0.1920.1200" x="2135" y="265" />
    <location key="save.project.as.template.dialog.1680.0.1920.1200" x="2499" y="499" />
    <location key="#com.intellij.ide.util.MemberChooser.-1920.0.1920.1200" x="-1147" y="307" />
    <location key="#com.intellij.codeInsight.editorActions.RestoreReferencesDialog.-1920.0.1920.1200" x="-1222" y="375" />
    <location key="com.intellij.database.view.ui.AbstractDbRefactoringDialog.0.0.1920.1200" x="1178" y="223" />
    <location key="com.intellij.database.psi.DbRenamePsiElementProcessor.DbRenameDialog.0.0.1920.1200" x="732" y="483" />
    <location key="com.intellij.database.view.ui.DeleteDialog.0.0.1920.1200" x="829" y="515" />
    <location key="#SCSS_Lint.0.0.3360.2100@192dpi" x="1068" y="828" />
    <location key="CommitChangelistDialog2.0.0.3360.2100@192dpi" x="942" y="250" />
    <location key="#com.intellij.ide.util.MemberChooser.1680.0.1920.1200" x="2453" y="307" />
    <location key="#com.intellij.refactoring.rename.AutomaticRenamingDialog.0.0.3360.2100@192dpi" x="770" y="46" />
    <location key="com.intellij.database.view.ui.AbstractDbRefactoringDialog.1680.0.1920.1200" x="2369" y="305" />
    <location key="VCS.ChangeListViewerDialog.1680.0.1920.1200" x="2389" y="326" />
    <location key="refactoring.ChangeSignatureDialog.1680.0.1920.1200" x="2346" y="227" />
    <location key="ProcessPopupWindow.1680.0.1920.1200" x="3115" y="776" />
    <location key="find.popup.0.0.3360.2100@192dpi" x="1016" y="458" />
    <location key="FileChooserDialogImpl.1680.0.1920.1200" x="2428" y="375" />
    <location key="find.popup.1680.0.1920.1200" x="2308" y="304" />
    <location key="search.everywhere.popup.0.0.3360.2100@192dpi" x="1010" y="500" />
    <location key="search.everywhere.popup.1680.0.1920.1200" x="2305" y="288" />
    <location key="#com.intellij.featureStatistics.actions.ShowFeatureUsageStatisticsDialog.1680.0.1920.1200" x="2220" y="290" />
    <location key="com.intellij.database.dbimport.ImportUtil.MyDialog.0.0.3360.2100@192dpi" x="1156" y="700" />
    <location key="#SQL_Dialects.1680.0.1920.1200" x="2240" y="278" />
    <location key="search.everywhere.popup.-1920.0.1920.1200" x="-1295" y="288" />
    <location key="VCS.ChangelistChooser.0.0.3360.2100@192dpi" x="1384" y="920" />
    <location key="search.everywhere.popup.0.0.3440.1440" x="2052" y="445" />
    <location key="search.everywhere.popup.3440.0.1920.1200" x="4065" y="262" />
    <location key="refactoring.ChangeSignatureDialog.0.0.3360.2100@192dpi" x="1094" y="304" />
    <location key="search.everywhere.popup.3840.0.3360.2100@192dpi" x="4850" y="500" />
    <location key="search.everywhere.popup.0.0.1920.1080" x="625" y="258" />
    <location key="VCS.ChangeListViewerDialog.3840.0.3360.2100@192dpi" x="5110" y="486" />
    <location key="#Inspections.0.0.3360.2100@192dpi" x="880" y="406" />
    <location key="#xdebugger.evaluate.0.0.1920.1080" x="323" y="164" />
    <location key="com.intellij.database.view.ui.DbObjectDialog.3840.0.3360.2100@192dpi" x="5250" y="616" />
    <location key="com.intellij.database.actions.DdlActions$DeleteProvider2$1.3840.0.3360.2100@192dpi" x="5302" y="778" />
    <location key="com.intellij.database.view.ui.AbstractDbRefactoringDialog.0.0.1920.1080" x="688" y="214" />
    <location key="com.intellij.database.actions.DdlActions$DeleteProvider2$1.0.0.1920.1080" x="830" y="437" />
    <location key="#SQL_Dialects.3840.0.3360.2100@192dpi" x="4720" y="406" />
    <location key="#com.intellij.execution.impl.EditConfigurationsDialog.0.0.1920.1080" x="432" y="200" />
    <location key="find.popup.3840.0.3360.2100@192dpi" x="4846" y="454" />
    <location key="com.intellij.database.actions.DdlActions$DeleteProvider2$1.0.0.3360.2100@192dpi" x="1356" y="448" />
    <location key="#com.intellij.refactoring.rename.AutomaticRenamingDialog.3840.0.3360.2100@192dpi" x="4536" y="46" />
    <location key="RollbackChangesDialog.3840.0.3360.2100@192dpi" x="4898" y="494" />
    <location key="run.anything.popup.3840.0.3360.2100@192dpi" x="4850" y="496" />
    <location key="MultipleFileMergeDialog.3840.0.3360.2100@192dpi" x="4946" y="520" />
    <location key="com.intellij.database.actions.DdlActions$DeleteProvider2$1.0.0.3440.1440" x="1558" y="455" />
    <location key="chooseDestDirectoryDialog.3840.0.3360.2100@192dpi" x="5110" y="646" />
    <location key="CommitChangelistDialog2.3840.0.3360.2100@192dpi" x="4582" y="224" />
    <location key="#com.intellij.fileTypes.FileTypeChooser.3840.0.3360.2100@192dpi" x="4910" y="694" />
    <location key="#com.intellij.openapi.roots.ui.configuration.libraryEditor.LibraryEditorDialog.3840.0.3360.2100@192dpi" x="5034" y="370" />
    <location key="#Notifications.3840.0.3360.2100@192dpi" x="4720" y="406" />
    <location key="com.intellij.database.dbimport.ImportUtil.MyDialog.3840.0.3360.2100@192dpi" x="4996" y="700" />
    <location key="MergeDialog.3840.0.3360.2100@192dpi" x="4124" y="206" />
    <location key="#com.intellij.refactoring.move.moveClassesOrPackages.MoveClassesOrPackagesDialog.classes.3840.0.3360.2100@192dpi" x="5018" y="804" />
    <location key="#com.intellij.refactoring.move.moveClassesOrPackages.MoveClassesOrPackagesDialog.packages.0.0.3440.1440" x="1002" y="621" />
    <location key="com.intellij.database.view.ui.DbObjectDialog.0.0.3440.1440" x="1597" y="503" />
    <location key="#com.intellij.ide.util.MemberChooser.0.0.1920.1080" x="773" y="247" />
    <location key="#com.intellij.ide.util.frameworkSupport.AddFrameworkSupportDialog.3840.0.3360.2100@192dpi" x="4756" y="428" />
    <location key="#Assign_Data_Sources.3840.0.3360.2100@192dpi" x="4720" y="406" />
    <location key="#com.intellij.ide.util.PackageChooserDialog.3840.0.3360.2100@192dpi" x="4994" y="644" />
    <location key="#com.intellij.jpa.generation.ui.DatabaseSchemaImportDialog.3840.0.3360.2100@192dpi" x="4876" y="174" />
    <location key="#com.intellij.jpa.generation.ui.ImportMappingsDialog.3840.0.3360.2100@192dpi" x="4876" y="700" />
    <location key="#Notifications.0.0.1920.1080" x="560" y="218" />
    <location key="search.everywhere.popup.1680.0.1920.1080" x="2262" y="251" />
    <location key="#com.intellij.refactoring.move.moveClassesOrPackages.MoveClassesOrPackagesDialog.classes.0.0.3360.2100@192dpi" x="0" y="804" />
    <location key="com.intellij.database.psi.DbRenamePsiElementProcessor.DbRenameDialog.0.0.3440.1440" x="1492" y="567" />
    <location key="#Inspections.0.0.3440.1440" x="1320" y="398" />
    <location key="#connection_test.0.0.3440.1440" x="1375" y="335" />
    <location key="FileChooserDialogImpl.0.0.3440.1440" x="1253" y="469" />
    <location key="#metacritic.0.0.3440.1440" x="1375" y="335" />
    <location key="#com.intellij.refactoring.move.moveClassesOrPackages.MoveClassesOrPackagesDialog.packages.0.0.3360.2100@192dpi" x="1224" y="852" />
    <location key="#com.intellij.refactoring.safeDelete.UnsafeUsagesDialog.1680.0.1920.1080" x="2378" y="307" />
    <location key="#com.intellij.refactoring.rename.AutomaticRenamingDialog.1680.0.1920.1080" x="2355" y="23" />
    <location key="#com.intellij.ide.util.PackageChooserDialog.0.0.3360.2100@192dpi" x="1154" y="644" />
    <location key="#com.intellij.jpa.generation.ui.DatabaseSchemaImportDialog.0.0.3360.2100@192dpi" x="1036" y="174" />
    <location key="#com.intellij.jpa.generation.ui.ImportMappingsDialog.0.0.3360.2100@192dpi" x="1036" y="700" />
    <location key="search.everywhere.popup.-1920.0.1920.1080" x="-1295" y="202" />
    <location key="#com.intellij.refactoring.safeDelete.UnsafeUsagesDialog.-1920.0.1920.1080" x="-1222" y="307" />
    <location key="new project wizard.0.0.3440.1440" x="859" y="311" />
    <location key="#com.intellij.refactoring.move.moveClassesOrPackages.MoveClassesOrPackagesDialog.classes.0.0.3440.1440" x="1492" y="597" />
    <location key="Diagram.Print.Preview.Dialog.0.0.3440.1440" x="1459" y="324" />
    <location key="#test-routes.0.0.3440.1440" x="1547" y="335" />
    <location key="WELCOME_SCREEN.0.0.3584.2240@192dpi" x="1790" y="952" />
    <location key="#com.intellij.fileTypes.FileTypeChooser.0.0.3584.2240@192dpi" x="1220" y="764" />
    <location key="#xdebugger.evaluate.0.0.3584.2240@192dpi" x="1286" y="278" />
    <location key="FileChooserDialogImpl.0.0.3584.2240@192dpi" x="1368" y="670" />
    <location key="search.everywhere.popup.0.0.3584.2240@192dpi" x="1122" y="536" />
    <location key="#Inspections.0.0.3584.2240@192dpi" x="992" y="476" />
    <location key="SettingsEditor.0.0.3584.2240@192dpi" x="762" y="418" />
    <location key="#bulk_insert_users.0.0.3584.2240@192dpi" x="1086" y="350" />
    <location key="#com.intellij.execution.impl.EditConfigurationsDialog.0.0.3584.2240@192dpi" x="720" y="470" />
    <location key="find.popup.0.0.3584.2240@192dpi" x="1196" y="672" />
    <location key="com.intellij.database.view.ui.DbObjectDialog.0.0.3584.2240@192dpi" x="1516" y="686" />
    <location key="com.intellij.database.view.ui.AbstractDbRefactoringDialog.0.0.3584.2240@192dpi" x="1342" y="518" />
    <location key="com.intellij.database.actions.DdlActions$DeleteProvider2$1.0.0.3584.2240@192dpi" x="1532" y="914" />
    <location key="VCS.ChangeListViewerDialog.0.0.3584.2240@192dpi" x="1152" y="556" />
    <location key="#Project_Structure.0.0.3584.2240@192dpi" x="992" y="476" />
    <location key="#codegen.0.0.3440.1440" x="1367" y="335" />
    <location key="com.intellij.database.dbimport.ImportUtil.MyDialog.0.0.3440.1440" x="1458" y="545" />
    <location key="#synch_user_rotoee.0.0.3440.1440" x="1941" y="335" />
    <location key="#eventengine_metrics.0.0.3440.1440" x="1941" y="335" />
    <location key="EnvironmentVariablesDialog.0.0.3440.1440" x="1184" y="540" />
    <location key="ExecutionTargetDialog.0.0.3440.1440" x="1922" y="422" />
    <location key="com.intellij.database.view.editors.DatabaseObjectCommentEditor$1$1.3440.0.1920.1200" x="4070" y="491" />
    <location key="run.anything.popup.3440.0.1920.1200" x="4065" y="286" />
    <location key="com.intellij.database.view.editors.DatabaseObjectCommentEditor$1$1.-1920.0.1920.1200" x="-1068" y="294" />
    <location key="com.intellij.openapi.vcs.update.UpdateOrStatusOptionsDialogupdate.0.0.3584.2240@192dpi" x="1268" y="942" />
    <location key="CommitChangelistDialog2.0.0.3584.2240@192dpi" x="970" y="294" />
    <location key="com.intellij.database.view.editors.DatabaseObjectCommentEditor$1$1.0.0.3584.2240@192dpi" x="1880" y="1116" />
    <location key="FileChooserDialogImpl.3440.0.1920.1200" x="4188" y="375" />
    <location key="com.intellij.openapi.vcs.update.UpdateOrStatusOptionsDialogupdate.-1920.0.1920.1200" x="-1222" y="511" />
    <location key="recent.locations.popup.0.0.3440.1440" x="1370" y="428" />
    <location key="IDE.errors.dialog.0.0.3440.1440" x="1261" y="467" />
    <location key="run.anything.popup.0.0.3440.1440" x="1385" y="346" />
    <location key="com.intellij.database.dbimport.ImportUtil.MyDialog.-1920.0.1920.1200" x="-1222" y="425" />
    <location key="run.anything.popup.-1920.0.1920.1200" x="-1295" y="286" />
    <location key="#ESLint.0.0.3440.1440" x="1893" y="398" />
    <location key="search.everywhere.popup.2393.-1200.1920.1200" x="3018" y="-938" />
    <location key="GridCell.Tab.1.left.0.0.3440.1440" x="3440" y="835" />
    <location key="GridCell.Tab.1.center.0.0.3440.1440" x="3440" y="835" />
    <location key="GridCell.Tab.1.right.0.0.3440.1440" x="3440" y="835" />
    <location key="GridCell.Tab.1.bottom.0.0.3440.1440" x="3440" y="835" />
    <location key="GridCell.Tab.2.left.2393.-1200.1920.1200" x="0" y="383" />
    <location key="GridCell.Tab.2.center.2393.-1200.1920.1200" x="0" y="383" />
    <location key="GridCell.Tab.2.right.2393.-1200.1920.1200" x="0" y="383" />
    <location key="GridCell.Tab.2.bottom.2393.-1200.1920.1200" x="0" y="383" />
    <location key="GridCell.Tab.1.left.2393.-1200.1920.1200" x="0" y="383" />
    <location key="GridCell.Tab.1.center.2393.-1200.1920.1200" x="0" y="383" />
    <location key="GridCell.Tab.1.right.2393.-1200.1920.1200" x="0" y="383" />
    <location key="GridCell.Tab.1.bottom.2393.-1200.1920.1200" x="0" y="383" />
    <location key="GridCell.Tab.2.left.0.0.3440.1440" x="3440" y="835" />
    <location key="GridCell.Tab.2.center.0.0.3440.1440" x="3440" y="835" />
    <location key="GridCell.Tab.2.right.0.0.3440.1440" x="3440" y="835" />
    <location key="GridCell.Tab.2.bottom.0.0.3440.1440" x="3440" y="835" />
    <location key="#com.intellij.refactoring.safeDelete.UnsafeUsagesDialog.0.0.3584.2240@192dpi" x="1268" y="654" />
    <location key="recent.locations.popup.0.0.3584.2240@192dpi" x="1092" y="590" />
    <location key="IDE.errors.dialog.0.0.3584.2240@192dpi" x="904" y="614" />
    <location key="com.intellij.execution.console.ConsoleHistoryController$MyBrowseAction$1.0.0.3440.1440" x="1271" y="445" />
    <location key="com.intellij.database.dbimport.ImportUtil.MyDialog.0.0.3584.2240@192dpi" x="1268" y="770" />
    <location key="#General.0.0.3440.1440" x="1601" y="262" />
    <location key="#extract_ebx_entities.0.0.3440.1440" x="1367" y="335" />
    <location key="search.everywhere.popup.6880.0.6720.3780@192dpi" x="8938" y="788" />
    <location key="find.popup.160.-3384.6016.3384@192dpi" x="2834" y="-2326" />
    <location key="find.popup.0.-1440.3440.1440" x="1829" y="-998" />
    <location key="find.popup.0.0.6016.3384@192dpi" x="2412" y="1242" />
    <location key="find.popup.1512.0.1920.1080" x="2184" y="160" />
    <location key="find.popup.0.0.3024.1964@192dpi" x="1058" y="318" />
    <location key="find.popup.0.0.1920.1080" x="672" y="160" />
    <location key="find.popup.2704.0.6016.3384@192dpi" x="4810" y="476" />
    <location key="find.popup.1512.-458.3440.1440" x="2715" y="-251" />
    <location key="find.popup.0.0.6720.3780@192dpi" x="2352" y="528" />
    <location key="find.popup.0.0.2704.1756@192dpi" x="946" y="286" />
    <location key="find.popup.0.0.3840.2160" x="1343" y="300" />
    <location key="find.popup.1800.-458.3840.2160" x="3143" y="-158" />
    <location key="find.popup.0.0.3600.2338@192dpi" x="1258" y="378" />
    <location key="find.popup.3360.-458.3840.2160" x="4703" y="-158" />
    <location key="find.popup.2304.-458.3840.2160" x="3647" y="-158" />
    <location key="find.popup.5120.-916.6720.3780@192dpi" x="7470" y="-386" />
    <location key="find.popup.0.0.5120.2880@192dpi" x="1790" y="414" />
    <location key="find.popup.1800.-458.3440.1440" x="3003" y="-251" />
    <size key="NewModule_or_Project.wizard.0.0.3360.2100@192dpi" width="1892" height="1456" />
    <size key="#com.intellij.execution.impl.EditConfigurationsDialog.0.0.3360.2100@192dpi" width="2770" height="1796" />
    <size key="SettingsEditor.0.0.3360.2100@192dpi" width="2348" height="1572" />
    <size key="GridCell.Tab.0.left.0.0.3360.2100@192dpi" width="2718" height="830" />
    <size key="GridCell.Tab.0.center.0.0.3360.2100@192dpi" width="2718" height="830" />
    <size key="GridCell.Tab.0.right.0.0.3360.2100@192dpi" width="2718" height="830" />
    <size key="GridCell.Tab.0.bottom.0.0.3360.2100@192dpi" width="2718" height="830" />
    <size key="GridCell.Tab.1.left.0.0.3360.2100@192dpi" width="3360" height="710" />
    <size key="GridCell.Tab.1.center.0.0.3360.2100@192dpi" width="3360" height="710" />
    <size key="GridCell.Tab.1.right.0.0.3360.2100@192dpi" width="3360" height="710" />
    <size key="GridCell.Tab.1.bottom.0.0.3360.2100@192dpi" width="3360" height="710" />
    <size key="ProcessPopupWindow.0.0.3360.2100@192dpi" width="1546" height="1206" />
    <size key="GridCell.Tab.2.left.0.0.3360.2100@192dpi" width="1918" height="832" />
    <size key="GridCell.Tab.2.center.0.0.3360.2100@192dpi" width="1918" height="832" />
    <size key="GridCell.Tab.2.right.0.0.3360.2100@192dpi" width="1918" height="832" />
    <size key="GridCell.Tab.2.bottom.0.0.3360.2100@192dpi" width="1918" height="832" />
    <size key="DebuggerActiveHint.0.0.3360.2100@192dpi" width="1444" height="752" />
    <size key="#com.intellij.openapi.roots.ui.configuration.libraryEditor.LibraryEditorDialog.0.0.3360.2100@192dpi" width="1270" height="1056" />
    <size key="GridCell.Tab.0.left.0.0.1920.1200" width="1792" height="491" />
    <size key="GridCell.Tab.0.center.0.0.1920.1200" width="1792" height="491" />
    <size key="GridCell.Tab.0.right.0.0.1920.1200" width="1792" height="491" />
    <size key="GridCell.Tab.0.bottom.0.0.1920.1200" width="1792" height="491" />
    <size key="GridCell.Tab.1.left.0.0.1920.1200" width="1792" height="491" />
    <size key="GridCell.Tab.1.center.0.0.1920.1200" width="1792" height="491" />
    <size key="GridCell.Tab.1.right.0.0.1920.1200" width="1792" height="491" />
    <size key="GridCell.Tab.1.bottom.0.0.1920.1200" width="1792" height="491" />
    <size key="HiddenNamespacesPopup.0.0.1920.1200" width="234" height="427" />
    <size key="#xdebugger.evaluate.0.0.3360.2100@192dpi" width="2304" height="1762" />
    <size key="GridCell.Tab.2.left.0.0.1920.1200" width="3440" height="510" />
    <size key="GridCell.Tab.2.center.0.0.1920.1200" width="3440" height="510" />
    <size key="GridCell.Tab.2.right.0.0.1920.1200" width="3440" height="510" />
    <size key="GridCell.Tab.2.bottom.0.0.1920.1200" width="3440" height="510" />
    <size key="GridCell.Tab.0.left.0.0.3440.1440" width="3440" height="355" />
    <size key="GridCell.Tab.0.center.0.0.3440.1440" width="3440" height="355" />
    <size key="GridCell.Tab.0.right.0.0.3440.1440" width="3440" height="355" />
    <size key="GridCell.Tab.0.bottom.0.0.3440.1440" width="3440" height="355" />
    <size key="GridCell.Tab.1.left.0.0.3440.1440" width="3440" height="355" />
    <size key="GridCell.Tab.1.center.0.0.3440.1440" width="3440" height="355" />
    <size key="GridCell.Tab.1.right.0.0.3440.1440" width="3440" height="355" />
    <size key="GridCell.Tab.1.bottom.0.0.3440.1440" width="3440" height="355" />
    <size key="javadoc.popup.0.0.3440.1440" width="474" height="168" />
    <size key="NewModule_or_Project.wizard.0.0.1920.1200" width="935" height="680" />
    <size key="#com.intellij.refactoring.move.moveClassesOrPackages.MoveClassesOrPackagesDialog.classes.0.0.1920.1200" width="498" height="271" />
    <size key="#com.intellij.execution.impl.EditConfigurationsDialog.0.0.3440.1440" width="1271" height="987" />
    <size key="DebuggerActiveHint.0.0.1920.1200" width="452" height="401" />
    <size key="GridCell.Tab.0.left.1920.0.1920.1200" width="1675" height="504" />
    <size key="GridCell.Tab.0.center.1920.0.1920.1200" width="1675" height="504" />
    <size key="GridCell.Tab.0.right.1920.0.1920.1200" width="1675" height="504" />
    <size key="GridCell.Tab.0.bottom.1920.0.1920.1200" width="1675" height="504" />
    <size key="GridCell.Tab.1.left.1920.0.1920.1200" width="1675" height="504" />
    <size key="GridCell.Tab.1.center.1920.0.1920.1200" width="1675" height="504" />
    <size key="GridCell.Tab.1.right.1920.0.1920.1200" width="1675" height="504" />
    <size key="GridCell.Tab.1.bottom.1920.0.1920.1200" width="1675" height="504" />
    <size key="HiddenNamespacesPopup.1920.0.1920.1200" width="234" height="427" />
    <size key="javadoc.popup.0.0.1920.1200" width="444" height="168" />
    <size key="#com.intellij.ws.xml.jaxb.GenerateJavaFromJAXBSchemasDialog.0.0.3360.2100@192dpi" width="1534" height="742" />
    <size key="javadoc.popup.0.0.3360.2100@192dpi" width="888" height="336" />
    <size key="GridCell.Tab.2.left.0.0.3440.1440" width="3440" height="500" />
    <size key="GridCell.Tab.2.center.0.0.3440.1440" width="3440" height="500" />
    <size key="GridCell.Tab.2.right.0.0.3440.1440" width="3440" height="500" />
    <size key="GridCell.Tab.2.bottom.0.0.3440.1440" width="3440" height="500" />
    <size key="#xdebugger.evaluate.0.0.3440.1440" width="2273" height="1198" />
    <size key="MultipleFileMergeDialog.0.0.3440.1440" width="868" height="508" />
    <size key="ProcessPopupWindow.0.0.3440.1440" width="400" height="108" />
    <size key="Vcs.CompareWithSelectedRevision.Popup.0.0.3440.1440" width="464" height="420" />
    <size key="SettingsEditor.3440.0.1920.1200" width="1181" height="693" />
    <size key="#com.intellij.execution.impl.EditConfigurationsDialog.3440.0.1920.1200" width="1071" height="795" />
    <size key="GridCell.Tab.0.left.3440.0.1920.1200" width="1920" height="444" />
    <size key="GridCell.Tab.0.center.3440.0.1920.1200" width="1920" height="444" />
    <size key="GridCell.Tab.0.right.3440.0.1920.1200" width="1920" height="444" />
    <size key="GridCell.Tab.0.bottom.3440.0.1920.1200" width="1920" height="444" />
    <size key="GridCell.Tab.1.left.3440.0.1920.1200" width="1792" height="410" />
    <size key="GridCell.Tab.1.center.3440.0.1920.1200" width="1792" height="410" />
    <size key="GridCell.Tab.1.right.3440.0.1920.1200" width="1792" height="410" />
    <size key="GridCell.Tab.1.bottom.3440.0.1920.1200" width="1792" height="410" />
    <size key="GridCell.Tab.2.left.3440.0.1920.1200" width="1878" height="263" />
    <size key="GridCell.Tab.2.center.3440.0.1920.1200" width="1878" height="263" />
    <size key="GridCell.Tab.2.right.3440.0.1920.1200" width="1878" height="263" />
    <size key="GridCell.Tab.2.bottom.3440.0.1920.1200" width="1878" height="263" />
    <size key="DebuggerActiveHint.0.0.3440.1440" width="884" height="462" />
    <size key="GridCell.Tab.0.left.-1920.0.1920.1200" width="1323" height="180" />
    <size key="GridCell.Tab.0.center.-1920.0.1920.1200" width="1323" height="180" />
    <size key="GridCell.Tab.0.right.-1920.0.1920.1200" width="1323" height="180" />
    <size key="GridCell.Tab.0.bottom.-1920.0.1920.1200" width="1323" height="180" />
    <size key="GridCell.Tab.1.left.-1920.0.1920.1200" width="1920" height="294" />
    <size key="GridCell.Tab.1.center.-1920.0.1920.1200" width="1920" height="294" />
    <size key="GridCell.Tab.1.right.-1920.0.1920.1200" width="1920" height="294" />
    <size key="GridCell.Tab.1.bottom.-1920.0.1920.1200" width="1920" height="294" />
    <size key="GridCell.Tab.2.left.-1920.0.1920.1200" width="1878" height="531" />
    <size key="GridCell.Tab.2.center.-1920.0.1920.1200" width="1878" height="531" />
    <size key="GridCell.Tab.2.right.-1920.0.1920.1200" width="1878" height="531" />
    <size key="GridCell.Tab.2.bottom.-1920.0.1920.1200" width="1878" height="531" />
    <size key="XDebugger.FullValuePopup.0.0.3440.1440" width="1146" height="673" />
    <size key="HiddenNamespacesPopup.3440.0.1920.1200" width="234" height="459" />
    <size key="ProcessPopupWindow.3440.0.1920.1200" width="400" height="108" />
    <size key="#com.intellij.featureStatistics.actions.ShowFeatureUsageStatisticsDialog.0.0.3360.2100@192dpi" width="1838" height="1236" />
    <size key="SettingsEditor.0.0.3440.1440" width="1593" height="967" />
    <size key="NewModule_or_Project.wizard.0.0.3440.1440" width="946" height="779" />
    <size key="XDebugger.FullValuePopup.0.0.3360.2100@192dpi" width="1680" height="1022" />
    <size key="#xdebugger.evaluate.3440.0.1920.1200" width="1920" height="1177" />
    <size key="DebuggerActiveHint.3440.0.1920.1200" width="446" height="462" />
    <size key="find.popup.0.0.3440.1440" width="1170" height="688" />
    <size key="FileDocumentManager.FileCacheConflict.0.0.3360.2100@192dpi" width="3360" height="2046" />
    <size key="#UAT.0.0.3440.1440" width="916" height="970" />
    <size key="HiddenNamespacesPopup.0.0.3440.1440" width="259" height="456" />
    <size key="com.intellij.database.view.ui.AbstractDbRefactoringDialog.0.0.3440.1440" width="1320" height="866" />
    <size key="com.intellij.database.view.ui.AbstractDbRefactoringDialog.3440.0.1920.1200" width="1037" height="687" />
    <size key="NewModule_or_Project.wizard.0.0.1920.1080" width="946" height="779" />
    <size key="GridCell.Tab.0.left.3840.0.3360.2100@192dpi" width="2310" height="508" />
    <size key="GridCell.Tab.0.center.3840.0.3360.2100@192dpi" width="2310" height="508" />
    <size key="GridCell.Tab.0.right.3840.0.3360.2100@192dpi" width="2310" height="508" />
    <size key="GridCell.Tab.0.bottom.3840.0.3360.2100@192dpi" width="2310" height="508" />
    <size key="GridCell.Tab.1.left.3840.0.3360.2100@192dpi" width="3360" height="708" />
    <size key="GridCell.Tab.1.center.3840.0.3360.2100@192dpi" width="3360" height="708" />
    <size key="GridCell.Tab.1.right.3840.0.3360.2100@192dpi" width="3360" height="708" />
    <size key="GridCell.Tab.1.bottom.3840.0.3360.2100@192dpi" width="3360" height="708" />
    <size key="HiddenNamespacesPopup.3840.0.3360.2100@192dpi" width="468" height="912" />
    <size key="ProcessPopupWindow.3840.0.3360.2100@192dpi" width="800" height="216" />
    <size key="DebuggerActiveHint.3840.0.3360.2100@192dpi" width="2304" height="928" />
    <size key="GridCell.Tab.0.left.0.0.1920.1080" width="1838" height="262" />
    <size key="GridCell.Tab.0.center.0.0.1920.1080" width="1838" height="262" />
    <size key="GridCell.Tab.0.right.0.0.1920.1080" width="1838" height="262" />
    <size key="GridCell.Tab.0.bottom.0.0.1920.1080" width="1838" height="262" />
    <size key="#xdebugger.evaluate.3840.0.3360.2100@192dpi" width="2722" height="1854" />
    <size key="com.intellij.database.view.ui.AbstractDbRefactoringDialog.0.0.3360.2100@192dpi" width="1596" height="1448" />
    <size key="GridCell.Tab.1.left.0.0.1920.1080" width="1838" height="497" />
    <size key="GridCell.Tab.1.center.0.0.1920.1080" width="1838" height="497" />
    <size key="GridCell.Tab.1.right.0.0.1920.1080" width="1838" height="497" />
    <size key="GridCell.Tab.1.bottom.0.0.1920.1080" width="1838" height="497" />
    <size key="#TSLint.0.0.3440.1440" width="800" height="666" />
    <size key="GridCell.Tab.0.left.1680.0.1920.1200" width="1565" height="536" />
    <size key="GridCell.Tab.0.center.1680.0.1920.1200" width="1565" height="536" />
    <size key="GridCell.Tab.0.right.1680.0.1920.1200" width="1565" height="536" />
    <size key="GridCell.Tab.0.bottom.1680.0.1920.1200" width="1565" height="536" />
    <size key="GridCell.Tab.1.left.1680.0.1920.1200" width="1680" height="358" />
    <size key="GridCell.Tab.1.center.1680.0.1920.1200" width="1680" height="358" />
    <size key="GridCell.Tab.1.right.1680.0.1920.1200" width="1680" height="358" />
    <size key="GridCell.Tab.1.bottom.1680.0.1920.1200" width="1680" height="358" />
    <size key="#xdebugger.evaluate.1680.0.1920.1200" width="1417" height="644" />
    <size key="com.intellij.xdebugger.impl.breakpoints.ui.BreakpointsDialogFactory$2.0.0.3360.2100@192dpi" width="1984" height="1202" />
    <size key="GridCell.Tab.2.left.1680.0.1920.1200" width="959" height="416" />
    <size key="GridCell.Tab.2.center.1680.0.1920.1200" width="959" height="416" />
    <size key="GridCell.Tab.2.right.1680.0.1920.1200" width="959" height="416" />
    <size key="GridCell.Tab.2.bottom.1680.0.1920.1200" width="959" height="416" />
    <size key="#Web_Browsers.1680.0.1920.1200" width="1362" height="465" />
    <size key="#Web_Browsers.0.0.3360.2100@192dpi" width="1566" height="1106" />
    <size key="com.intellij.database.psi.DbRenamePsiElementProcessor.DbRenameDialog.0.0.1920.1200" width="455" height="276" />
    <size key="ProcessPopupWindow.1680.0.1920.1200" width="400" height="448" />
    <size key="find.popup.0.0.3360.2100@192dpi" width="1328" height="1230" />
    <size key="find.popup.1680.0.1920.1200" width="664" height="615" />
    <size key="search.everywhere.popup.0.0.3360.2100@192dpi" width="1340" height="1352" />
    <size key="search.everywhere.popup.1680.0.1920.1200" width="670" height="676" />
    <size key="com.intellij.database.view.ui.AbstractDbRefactoringDialog.-1920.0.1920.1200" width="1112" height="886" />
    <size key="search.everywhere.popup.-1920.0.1920.1200" width="670" height="676" />
    <size key="com.intellij.database.view.ui.AbstractDbRefactoringDialog.1680.0.1920.1200" width="752" height="614" />
    <size key="search.everywhere.popup.0.0.3440.1440" width="670" height="676" />
    <size key="search.everywhere.popup.3440.0.1920.1200" width="670" height="676" />
    <size key="search.everywhere.popup.3840.0.3360.2100@192dpi" width="1340" height="1352" />
    <size key="search.everywhere.popup.0.0.1920.1080" width="670" height="676" />
    <size key="VCS.ChangeListViewerDialog.0.0.3360.2100@192dpi" width="716" height="1114" />
    <size key="XDebugger.FullValuePopup.0.0.1920.1080" width="960" height="528" />
    <size key="#xdebugger.evaluate.0.0.1920.1080" width="1369" height="797" />
    <size key="com.intellij.database.view.ui.AbstractDbRefactoringDialog.0.0.1920.1080" width="658" height="726" />
    <size key="com.intellij.database.view.ui.AbstractDbRefactoringDialog.3840.0.3360.2100@192dpi" width="1806" height="1098" />
    <size key="SettingsEditor.3840.0.3360.2100@192dpi" width="2476" height="1444" />
    <size key="find.popup.3840.0.3360.2100@192dpi" width="1346" height="1236" />
    <size key="#com.intellij.execution.impl.EditConfigurationsDialog.0.0.1920.1080" width="800" height="586" />
    <size key="HiddenNamespacesPopup.0.0.1920.1080" width="234" height="498" />
    <size key="chooseDestDirectoryDialog.3840.0.3360.2100@192dpi" width="1418" height="854" />
    <size key="#com.intellij.openapi.roots.ui.configuration.libraryEditor.LibraryEditorDialog.3840.0.3360.2100@192dpi" width="1388" height="1116" />
    <size key="MultipleFileMergeDialog.3840.0.3360.2100@192dpi" width="1428" height="1104" />
    <size key="#com.intellij.refactoring.move.moveClassesOrPackages.MoveClassesOrPackagesDialog.classes.3840.0.3360.2100@192dpi" width="1294" height="546" />
    <size key="#Project_Structure.0.0.3440.1440" width="1174" height="666" />
    <size key="#com.intellij.refactoring.move.moveClassesOrPackages.MoveClassesOrPackagesDialog.packages.0.0.3440.1440" width="590" height="220" />
    <size key="#com.intellij.jpa.generation.ui.ImportMappingsDialog.3840.0.3360.2100@192dpi" width="1286" height="826" />
    <size key="search.everywhere.popup.1680.0.1920.1080" width="670" height="676" />
    <size key="#com.intellij.refactoring.move.moveClassesOrPackages.MoveClassesOrPackagesDialog.classes.0.0.3360.2100@192dpi" width="3360" height="546" />
    <size key="HiddenNamespacesPopup.0.0.3360.2100@192dpi" width="468" height="996" />
    <size key="com.intellij.database.view.editors.DatabaseObjectCommentEditor$1$1.0.0.3440.1440" width="627" height="152" />
    <size key="com.intellij.database.psi.DbRenamePsiElementProcessor.DbRenameDialog.0.0.3440.1440" width="458" height="333" />
    <size key="GridCell.Tab.0.left.1680.0.1920.1080" width="1323" height="286" />
    <size key="GridCell.Tab.0.center.1680.0.1920.1080" width="1323" height="286" />
    <size key="GridCell.Tab.0.right.1680.0.1920.1080" width="1323" height="286" />
    <size key="GridCell.Tab.0.bottom.1680.0.1920.1080" width="1323" height="286" />
    <size key="GridCell.Tab.1.left.1680.0.1920.1080" width="1920" height="242" />
    <size key="GridCell.Tab.1.center.1680.0.1920.1080" width="1920" height="242" />
    <size key="GridCell.Tab.1.right.1680.0.1920.1080" width="1920" height="242" />
    <size key="GridCell.Tab.1.bottom.1680.0.1920.1080" width="1920" height="242" />
    <size key="#com.intellij.refactoring.move.moveClassesOrPackages.MoveClassesOrPackagesDialog.packages.0.0.3360.2100@192dpi" width="1020" height="440" />
    <size key="#com.intellij.jpa.generation.ui.ImportMappingsDialog.0.0.3360.2100@192dpi" width="1286" height="826" />
    <size key="search.everywhere.popup.-1920.0.1920.1080" width="670" height="676" />
    <size key="GridCell.Tab.0.left.-1920.0.1920.1080" width="1323" height="391" />
    <size key="GridCell.Tab.0.center.-1920.0.1920.1080" width="1323" height="391" />
    <size key="GridCell.Tab.0.right.-1920.0.1920.1080" width="1323" height="391" />
    <size key="GridCell.Tab.0.bottom.-1920.0.1920.1080" width="1323" height="391" />
    <size key="#Project_Structure.0.0.3360.2100@192dpi" width="1610" height="1332" />
    <size key="#com.intellij.refactoring.move.moveClassesOrPackages.MoveClassesOrPackagesDialog.classes.0.0.3440.1440" width="531" height="273" />
    <size key="GridCell.Tab.0.left.0.0.3584.2240@192dpi" width="3584" height="690" />
    <size key="GridCell.Tab.0.center.0.0.3584.2240@192dpi" width="3584" height="690" />
    <size key="GridCell.Tab.0.right.0.0.3584.2240@192dpi" width="3584" height="690" />
    <size key="GridCell.Tab.0.bottom.0.0.3584.2240@192dpi" width="3584" height="690" />
    <size key="GridCell.Tab.1.left.0.0.3584.2240@192dpi" width="3584" height="862" />
    <size key="GridCell.Tab.1.center.0.0.3584.2240@192dpi" width="3584" height="862" />
    <size key="GridCell.Tab.1.right.0.0.3584.2240@192dpi" width="3584" height="862" />
    <size key="GridCell.Tab.1.bottom.0.0.3584.2240@192dpi" width="3584" height="862" />
    <size key="#xdebugger.evaluate.0.0.3584.2240@192dpi" width="2148" height="1808" />
    <size key="search.everywhere.popup.0.0.3584.2240@192dpi" width="1340" height="316" />
    <size key="find.popup.0.0.3584.2240@192dpi" width="1194" height="1068" />
    <size key="com.intellij.database.view.ui.AbstractDbRefactoringDialog.0.0.3584.2240@192dpi" width="1246" height="1228" />
    <size key="#Project_Structure.0.0.3584.2240@192dpi" width="1688" height="1332" />
    <size key="#com.intellij.execution.impl.EditConfigurationsDialog.0.0.3584.2240@192dpi" width="2072" height="1332" />
    <size key="DebuggerActiveHint.0.0.3584.2240@192dpi" width="1492" height="932" />
    <size key="com.intellij.database.view.editors.DatabaseObjectCommentEditor$1$1.3440.0.1920.1200" width="298" height="150" />
    <size key="com.intellij.database.view.editors.DatabaseObjectCommentEditor$1$1.-1920.0.1920.1200" width="256" height="150" />
    <size key="com.intellij.database.view.editors.DatabaseObjectCommentEditor$1$1.0.0.3584.2240@192dpi" width="1156" height="300" />
    <size key="GridCell.Tab.0.left.2393.-1200.1920.1200" width="1920" height="271" />
    <size key="GridCell.Tab.0.center.2393.-1200.1920.1200" width="1920" height="271" />
    <size key="GridCell.Tab.0.right.2393.-1200.1920.1200" width="1920" height="271" />
    <size key="GridCell.Tab.0.bottom.2393.-1200.1920.1200" width="1920" height="271" />
    <size key="GridCell.Tab.1.left.2393.-1200.1920.1200" width="1920" height="301" />
    <size key="GridCell.Tab.1.center.2393.-1200.1920.1200" width="1920" height="301" />
    <size key="GridCell.Tab.1.right.2393.-1200.1920.1200" width="1920" height="301" />
    <size key="GridCell.Tab.1.bottom.2393.-1200.1920.1200" width="1920" height="301" />
    <size key="recent.locations.popup.0.0.3440.1440" width="700" height="530" />
    <size key="IDE.errors.dialog.0.0.3440.1440" width="1816" height="638" />
    <size key="search.everywhere.popup.2393.-1200.1920.1200" width="670" height="676" />
    <size key="GridCell.Tab.0.left.-3440.0.3440.1440" width="1792" height="334" />
    <size key="GridCell.Tab.0.center.-3440.0.3440.1440" width="1792" height="334" />
    <size key="GridCell.Tab.0.right.-3440.0.3440.1440" width="1792" height="334" />
    <size key="GridCell.Tab.0.bottom.-3440.0.3440.1440" width="1792" height="334" />
    <size key="GridCell.Tab.1.left.-3440.0.3440.1440" width="2293" height="271" />
    <size key="GridCell.Tab.1.center.-3440.0.3440.1440" width="2293" height="271" />
    <size key="GridCell.Tab.1.right.-3440.0.3440.1440" width="2293" height="271" />
    <size key="GridCell.Tab.1.bottom.-3440.0.3440.1440" width="2293" height="271" />
    <size key="EnvironmentVariablesDialog.0.0.3440.1440" width="1004" height="547" />
    <size key="GridCell.Tab.3.left.0.0.3440.1440" width="3440" height="500" />
    <size key="GridCell.Tab.3.center.0.0.3440.1440" width="3440" height="500" />
    <size key="GridCell.Tab.3.right.0.0.3440.1440" width="3440" height="500" />
    <size key="GridCell.Tab.3.bottom.0.0.3440.1440" width="3440" height="500" />
    <size key="recent.locations.popup.0.0.3584.2240@192dpi" width="1400" height="1060" />
    <size key="GridCell.Tab.3.left.0.0.1920.1200" width="3440" height="510" />
    <size key="GridCell.Tab.3.center.0.0.1920.1200" width="3440" height="510" />
    <size key="GridCell.Tab.3.right.0.0.1920.1200" width="3440" height="510" />
    <size key="GridCell.Tab.3.bottom.0.0.1920.1200" width="3440" height="510" />
    <size key="GridCell.Tab.2.left.0.0.3584.2240@192dpi" width="6880" height="1000" />
    <size key="GridCell.Tab.2.center.0.0.3584.2240@192dpi" width="6880" height="1000" />
    <size key="GridCell.Tab.2.right.0.0.3584.2240@192dpi" width="6880" height="1000" />
    <size key="GridCell.Tab.2.bottom.0.0.3584.2240@192dpi" width="6880" height="1000" />
    <size key="GridCell.Tab.3.left.0.0.3584.2240@192dpi" width="6880" height="1000" />
    <size key="GridCell.Tab.3.center.0.0.3584.2240@192dpi" width="6880" height="1000" />
    <size key="GridCell.Tab.3.right.0.0.3584.2240@192dpi" width="6880" height="1000" />
    <size key="GridCell.Tab.3.bottom.0.0.3584.2240@192dpi" width="6880" height="1000" />
    <size key="#General.0.0.3440.1440" width="800" height="647" />
    <size key="#extract_ebx_entities.0.0.3440.1440" width="1120" height="793" />
    <size key="search.everywhere.popup.6880.0.6720.3780@192dpi" width="1340" height="1352" />
    <size key="GridCell.Tab.0.left.6880.0.6720.3780@192dpi" width="6720" height="1532" />
    <size key="GridCell.Tab.0.center.6880.0.6720.3780@192dpi" width="6720" height="1532" />
    <size key="GridCell.Tab.0.right.6880.0.6720.3780@192dpi" width="6720" height="1532" />
    <size key="GridCell.Tab.0.bottom.6880.0.6720.3780@192dpi" width="6720" height="1532" />
    <size key="find.popup.160.-3384.6016.3384@192dpi" width="1400" height="1422" />
    <size key="GridCell.Tab.0.left.6880.0.6016.3384@192dpi" width="6880" height="1178" />
    <size key="GridCell.Tab.0.center.6880.0.6016.3384@192dpi" width="6880" height="1178" />
    <size key="GridCell.Tab.0.right.6880.0.6016.3384@192dpi" width="6880" height="1178" />
    <size key="GridCell.Tab.0.bottom.6880.0.6016.3384@192dpi" width="6880" height="1178" />
    <size key="GridCell.Tab.0.left.0.-1440.3440.1440" width="3440" height="340" />
    <size key="GridCell.Tab.0.center.0.-1440.3440.1440" width="3440" height="340" />
    <size key="GridCell.Tab.0.right.0.-1440.3440.1440" width="3440" height="340" />
    <size key="GridCell.Tab.0.bottom.0.-1440.3440.1440" width="3440" height="340" />
    <size key="GridCell.Tab.1.left.6880.0.6016.3384@192dpi" width="6880" height="1178" />
    <size key="GridCell.Tab.1.center.6880.0.6016.3384@192dpi" width="6880" height="1178" />
    <size key="GridCell.Tab.1.right.6880.0.6016.3384@192dpi" width="6880" height="1178" />
    <size key="GridCell.Tab.1.bottom.6880.0.6016.3384@192dpi" width="6880" height="1178" />
    <size key="GridCell.Tab.0.left.6880.-84.6016.3384@192dpi" width="6016" height="864" />
    <size key="GridCell.Tab.0.center.6880.-84.6016.3384@192dpi" width="6016" height="864" />
    <size key="GridCell.Tab.0.right.6880.-84.6016.3384@192dpi" width="6016" height="864" />
    <size key="GridCell.Tab.0.bottom.6880.-84.6016.3384@192dpi" width="6016" height="864" />
    <size key="GridCell.Tab.1.left.6880.-84.6016.3384@192dpi" width="6016" height="864" />
    <size key="GridCell.Tab.1.center.6880.-84.6016.3384@192dpi" width="6016" height="864" />
    <size key="GridCell.Tab.1.right.6880.-84.6016.3384@192dpi" width="6016" height="864" />
    <size key="GridCell.Tab.1.bottom.6880.-84.6016.3384@192dpi" width="6016" height="864" />
    <size key="find.popup.0.-1440.3440.1440" width="832" height="588" />
    <size key="GridCell.Tab.0.left.0.0.3840.2160@192dpi" width="6880" height="526" />
    <size key="GridCell.Tab.0.center.0.0.3840.2160@192dpi" width="6880" height="526" />
    <size key="GridCell.Tab.0.right.0.0.3840.2160@192dpi" width="6880" height="526" />
    <size key="GridCell.Tab.0.bottom.0.0.3840.2160@192dpi" width="6880" height="526" />
    <size key="GridCell.Tab.1.left.0.0.3840.2160@192dpi" width="6880" height="526" />
    <size key="GridCell.Tab.1.center.0.0.3840.2160@192dpi" width="6880" height="526" />
    <size key="GridCell.Tab.1.right.0.0.3840.2160@192dpi" width="6880" height="526" />
    <size key="GridCell.Tab.1.bottom.0.0.3840.2160@192dpi" width="6880" height="526" />
    <size key="GridCell.Tab.0.left.0.0.3840.2160" width="3758" height="483" />
    <size key="GridCell.Tab.0.center.0.0.3840.2160" width="3758" height="483" />
    <size key="GridCell.Tab.0.right.0.0.3840.2160" width="3758" height="483" />
    <size key="GridCell.Tab.0.bottom.0.0.3840.2160" width="3758" height="483" />
    <size key="GridCell.Tab.0.left.0.0.6016.3384@192dpi" width="4170" height="736" />
    <size key="GridCell.Tab.0.center.0.0.6016.3384@192dpi" width="4170" height="736" />
    <size key="GridCell.Tab.0.right.0.0.6016.3384@192dpi" width="4170" height="736" />
    <size key="GridCell.Tab.0.bottom.0.0.6016.3384@192dpi" width="4170" height="736" />
    <size key="find.popup.0.0.6016.3384@192dpi" width="1190" height="948" />
    <size key="GridCell.Tab.1.left.0.0.6016.3384@192dpi" width="6016" height="838" />
    <size key="GridCell.Tab.1.center.0.0.6016.3384@192dpi" width="6016" height="838" />
    <size key="GridCell.Tab.1.right.0.0.6016.3384@192dpi" width="6016" height="838" />
    <size key="GridCell.Tab.1.bottom.0.0.6016.3384@192dpi" width="6016" height="838" />
    <size key="GridCell.Tab.0.left.0.0.3024.1964@192dpi" width="2860" height="540" />
    <size key="GridCell.Tab.0.center.0.0.3024.1964@192dpi" width="2860" height="540" />
    <size key="GridCell.Tab.0.right.0.0.3024.1964@192dpi" width="2860" height="540" />
    <size key="GridCell.Tab.0.bottom.0.0.3024.1964@192dpi" width="2860" height="540" />
    <size key="GridCell.Tab.1.left.0.0.3024.1964@192dpi" width="2860" height="540" />
    <size key="GridCell.Tab.1.center.0.0.3024.1964@192dpi" width="2860" height="540" />
    <size key="GridCell.Tab.1.right.0.0.3024.1964@192dpi" width="2860" height="540" />
    <size key="GridCell.Tab.1.bottom.0.0.3024.1964@192dpi" width="2860" height="540" />
    <size key="GridCell.Tab.0.left.1512.0.1920.1080" width="1838" height="262" />
    <size key="GridCell.Tab.0.center.1512.0.1920.1080" width="1838" height="262" />
    <size key="GridCell.Tab.0.right.1512.0.1920.1080" width="1838" height="262" />
    <size key="GridCell.Tab.0.bottom.1512.0.1920.1080" width="1838" height="262" />
    <size key="GridCell.Tab.1.left.1512.0.1920.1080" width="1838" height="229" />
    <size key="GridCell.Tab.1.center.1512.0.1920.1080" width="1838" height="229" />
    <size key="GridCell.Tab.1.right.1512.0.1920.1080" width="1838" height="229" />
    <size key="GridCell.Tab.1.bottom.1512.0.1920.1080" width="1838" height="229" />
    <size key="find.popup.1512.0.1920.1080" width="753" height="540" />
    <size key="find.popup.0.0.3024.1964@192dpi" width="1286" height="1080" />
    <size key="GridCell.Tab.2.left.0.0.3024.1964@192dpi" width="2412" height="710" />
    <size key="GridCell.Tab.2.center.0.0.3024.1964@192dpi" width="2412" height="710" />
    <size key="GridCell.Tab.2.right.0.0.3024.1964@192dpi" width="2412" height="710" />
    <size key="GridCell.Tab.2.bottom.0.0.3024.1964@192dpi" width="2412" height="710" />
    <size key="find.popup.0.0.1920.1080" width="698" height="795" />
    <size key="GridCell.Tab.0.left.1512.-458.3440.1440" width="3374" height="645" />
    <size key="GridCell.Tab.0.center.1512.-458.3440.1440" width="3374" height="645" />
    <size key="GridCell.Tab.0.right.1512.-458.3440.1440" width="3374" height="645" />
    <size key="GridCell.Tab.0.bottom.1512.-458.3440.1440" width="3374" height="645" />
    <size key="GridCell.Tab.1.left.1512.-458.3440.1440" width="3374" height="558" />
    <size key="GridCell.Tab.1.center.1512.-458.3440.1440" width="3374" height="558" />
    <size key="GridCell.Tab.1.right.1512.-458.3440.1440" width="3374" height="558" />
    <size key="GridCell.Tab.1.bottom.1512.-458.3440.1440" width="3374" height="558" />
    <size key="find.popup.2704.0.6016.3384@192dpi" width="2568" height="2518" />
    <size key="find.popup.1512.-458.3440.1440" width="649" height="619" />
    <size key="GridCell.Tab.0.left.2704.0.6016.3384@192dpi" width="5852" height="1008" />
    <size key="GridCell.Tab.0.center.2704.0.6016.3384@192dpi" width="5852" height="1008" />
    <size key="GridCell.Tab.0.right.2704.0.6016.3384@192dpi" width="5852" height="1008" />
    <size key="GridCell.Tab.0.bottom.2704.0.6016.3384@192dpi" width="5852" height="1008" />
    <size key="GridCell.Tab.0.left.0.0.2704.1756@192dpi" width="5852" height="888" />
    <size key="GridCell.Tab.0.center.0.0.2704.1756@192dpi" width="5852" height="888" />
    <size key="GridCell.Tab.0.right.0.0.2704.1756@192dpi" width="5852" height="888" />
    <size key="GridCell.Tab.0.bottom.0.0.2704.1756@192dpi" width="5852" height="888" />
    <size key="GridCell.Tab.1.left.2704.0.6016.3384@192dpi" width="5852" height="1008" />
    <size key="GridCell.Tab.1.center.2704.0.6016.3384@192dpi" width="5852" height="1008" />
    <size key="GridCell.Tab.1.right.2704.0.6016.3384@192dpi" width="5852" height="1008" />
    <size key="GridCell.Tab.1.bottom.2704.0.6016.3384@192dpi" width="5852" height="1008" />
    <size key="GridCell.Tab.0.left.0.0.6720.3780@192dpi" width="6718" height="1858" />
    <size key="GridCell.Tab.0.center.0.0.6720.3780@192dpi" width="6718" height="1858" />
    <size key="GridCell.Tab.0.right.0.0.6720.3780@192dpi" width="6718" height="1858" />
    <size key="GridCell.Tab.0.bottom.0.0.6720.3780@192dpi" width="6718" height="1858" />
    <size key="find.popup.0.0.6720.3780@192dpi" width="2868" height="2816" />
    <size key="find.popup.0.0.2704.1756@192dpi" width="1290" height="1274" />
    <size key="GridCell.Tab.0.left.1800.-458.3840.2160" width="3006" height="999" />
    <size key="GridCell.Tab.0.center.1800.-458.3840.2160" width="3006" height="999" />
    <size key="GridCell.Tab.0.right.1800.-458.3840.2160" width="3006" height="999" />
    <size key="GridCell.Tab.0.bottom.1800.-458.3840.2160" width="3006" height="999" />
    <size key="find.popup.0.0.3840.2160" width="720" height="933" />
    <size key="GridCell.Tab.1.left.1800.-458.3840.2160" width="3006" height="999" />
    <size key="GridCell.Tab.1.center.1800.-458.3840.2160" width="3006" height="999" />
    <size key="GridCell.Tab.1.right.1800.-458.3840.2160" width="3006" height="999" />
    <size key="GridCell.Tab.1.bottom.1800.-458.3840.2160" width="3006" height="999" />
    <size key="find.popup.1800.-458.3840.2160" width="757" height="933" />
    <size key="find.popup.0.0.3600.2338@192dpi" width="1286" height="1080" />
    <size key="GridCell.Tab.0.left.0.0.3600.2338@192dpi" width="6716" height="1146" />
    <size key="GridCell.Tab.0.center.0.0.3600.2338@192dpi" width="6716" height="1146" />
    <size key="GridCell.Tab.0.right.0.0.3600.2338@192dpi" width="6716" height="1146" />
    <size key="GridCell.Tab.0.bottom.0.0.3600.2338@192dpi" width="6716" height="1146" />
    <size key="GridCell.Tab.2.left.1512.-458.3440.1440" width="2815" height="590" />
    <size key="GridCell.Tab.2.center.1512.-458.3440.1440" width="2815" height="590" />
    <size key="GridCell.Tab.2.right.1512.-458.3440.1440" width="2815" height="590" />
    <size key="GridCell.Tab.2.bottom.1512.-458.3440.1440" width="2815" height="590" />
    <size key="GridCell.Tab.2.left.1800.-458.3840.2160" width="3006" height="999" />
    <size key="GridCell.Tab.2.center.1800.-458.3840.2160" width="3006" height="999" />
    <size key="GridCell.Tab.2.right.1800.-458.3840.2160" width="3006" height="999" />
    <size key="GridCell.Tab.2.bottom.1800.-458.3840.2160" width="3006" height="999" />
    <size key="GridCell.Tab.3.left.1800.-458.3840.2160" width="3006" height="999" />
    <size key="GridCell.Tab.3.center.1800.-458.3840.2160" width="3006" height="999" />
    <size key="GridCell.Tab.3.right.1800.-458.3840.2160" width="3006" height="999" />
    <size key="GridCell.Tab.3.bottom.1800.-458.3840.2160" width="3006" height="999" />
    <size key="GridCell.Tab.3.left.1512.-458.3440.1440" width="2815" height="590" />
    <size key="GridCell.Tab.3.center.1512.-458.3440.1440" width="2815" height="590" />
    <size key="GridCell.Tab.3.right.1512.-458.3440.1440" width="2815" height="590" />
    <size key="GridCell.Tab.3.bottom.1512.-458.3440.1440" width="2815" height="590" />
    <size key="GridCell.Tab.0.left.3360.-458.3840.2160" width="3758" height="880" />
    <size key="GridCell.Tab.0.center.3360.-458.3840.2160" width="3758" height="880" />
    <size key="GridCell.Tab.0.right.3360.-458.3840.2160" width="3758" height="880" />
    <size key="GridCell.Tab.0.bottom.3360.-458.3840.2160" width="3758" height="880" />
    <size key="GridCell.Tab.1.left.3360.-458.3840.2160" width="3359" height="661" />
    <size key="GridCell.Tab.1.center.3360.-458.3840.2160" width="3359" height="661" />
    <size key="GridCell.Tab.1.right.3360.-458.3840.2160" width="3359" height="661" />
    <size key="GridCell.Tab.1.bottom.3360.-458.3840.2160" width="3359" height="661" />
    <size key="find.popup.3360.-458.3840.2160" width="720" height="934" />
    <size key="GridCell.Tab.2.left.3360.-458.3840.2160" width="3758" height="545" />
    <size key="GridCell.Tab.2.center.3360.-458.3840.2160" width="3758" height="545" />
    <size key="GridCell.Tab.2.right.3360.-458.3840.2160" width="3758" height="545" />
    <size key="GridCell.Tab.2.bottom.3360.-458.3840.2160" width="3758" height="545" />
    <size key="GridCell.Tab.-1.left.3360.-458.3840.2160" width="3758" height="545" />
    <size key="GridCell.Tab.-1.center.3360.-458.3840.2160" width="3758" height="545" />
    <size key="GridCell.Tab.-1.right.3360.-458.3840.2160" width="3758" height="545" />
    <size key="GridCell.Tab.-1.bottom.3360.-458.3840.2160" width="3758" height="545" />
    <size key="GridCell.Tab.1.left.0.0.6720.3780@192dpi" width="6718" height="1858" />
    <size key="GridCell.Tab.1.center.0.0.6720.3780@192dpi" width="6718" height="1858" />
    <size key="GridCell.Tab.1.right.0.0.6720.3780@192dpi" width="6718" height="1858" />
    <size key="GridCell.Tab.1.bottom.0.0.6720.3780@192dpi" width="6718" height="1858" />
    <size key="GridCell.Tab.0.left.2304.-458.3840.2160" width="3774" height="675" />
    <size key="GridCell.Tab.0.center.2304.-458.3840.2160" width="3774" height="675" />
    <size key="GridCell.Tab.0.right.2304.-458.3840.2160" width="3774" height="675" />
    <size key="GridCell.Tab.0.bottom.2304.-458.3840.2160" width="3774" height="675" />
    <size key="GridCell.Tab.1.left.2304.-458.3840.2160" width="2985" height="675" />
    <size key="GridCell.Tab.1.center.2304.-458.3840.2160" width="2985" height="675" />
    <size key="GridCell.Tab.1.right.2304.-458.3840.2160" width="2985" height="675" />
    <size key="GridCell.Tab.1.bottom.2304.-458.3840.2160" width="2985" height="675" />
    <size key="find.popup.2304.-458.3840.2160" width="649" height="508" />
    <size key="GridCell.Tab.0.left.0.0.4608.2592@192dpi" width="2622" height="358" />
    <size key="GridCell.Tab.0.center.0.0.4608.2592@192dpi" width="2622" height="358" />
    <size key="GridCell.Tab.0.right.0.0.4608.2592@192dpi" width="2622" height="358" />
    <size key="GridCell.Tab.0.bottom.0.0.4608.2592@192dpi" width="2622" height="358" />
    <size key="GridCell.Tab.4.left.2304.-458.3840.2160" width="3358" height="434" />
    <size key="GridCell.Tab.4.center.2304.-458.3840.2160" width="3358" height="434" />
    <size key="GridCell.Tab.4.right.2304.-458.3840.2160" width="3358" height="434" />
    <size key="GridCell.Tab.4.bottom.2304.-458.3840.2160" width="3358" height="434" />
    <size key="GridCell.Tab.2.left.2304.-458.3840.2160" width="2985" height="1201" />
    <size key="GridCell.Tab.2.center.2304.-458.3840.2160" width="2985" height="1201" />
    <size key="GridCell.Tab.2.right.2304.-458.3840.2160" width="2985" height="1201" />
    <size key="GridCell.Tab.2.bottom.2304.-458.3840.2160" width="2985" height="1201" />
    <size key="GridCell.Tab.3.left.2304.-458.3840.2160" width="2985" height="628" />
    <size key="GridCell.Tab.3.center.2304.-458.3840.2160" width="2985" height="628" />
    <size key="GridCell.Tab.3.right.2304.-458.3840.2160" width="2985" height="628" />
    <size key="GridCell.Tab.3.bottom.2304.-458.3840.2160" width="2985" height="628" />
    <size key="GridCell.Tab.3.left.0.0.3024.1964@192dpi" width="2566" height="386" />
    <size key="GridCell.Tab.3.center.0.0.3024.1964@192dpi" width="2566" height="386" />
    <size key="GridCell.Tab.3.right.0.0.3024.1964@192dpi" width="2566" height="386" />
    <size key="GridCell.Tab.3.bottom.0.0.3024.1964@192dpi" width="2566" height="386" />
    <size key="GridCell.Tab.1.left.0.0.4608.2592@192dpi" width="3540" height="1372" />
    <size key="GridCell.Tab.1.center.0.0.4608.2592@192dpi" width="3540" height="1372" />
    <size key="GridCell.Tab.1.right.0.0.4608.2592@192dpi" width="3540" height="1372" />
    <size key="GridCell.Tab.1.bottom.0.0.4608.2592@192dpi" width="3540" height="1372" />
    <size key="GridCell.Tab.4.left.0.0.4608.2592@192dpi" width="3540" height="1372" />
    <size key="GridCell.Tab.4.center.0.0.4608.2592@192dpi" width="3540" height="1372" />
    <size key="GridCell.Tab.4.right.0.0.4608.2592@192dpi" width="3540" height="1372" />
    <size key="GridCell.Tab.4.bottom.0.0.4608.2592@192dpi" width="3540" height="1372" />
    <size key="GridCell.Tab.2.left.0.0.4608.2592@192dpi" width="3540" height="1372" />
    <size key="GridCell.Tab.2.center.0.0.4608.2592@192dpi" width="3540" height="1372" />
    <size key="GridCell.Tab.2.right.0.0.4608.2592@192dpi" width="3540" height="1372" />
    <size key="GridCell.Tab.2.bottom.0.0.4608.2592@192dpi" width="3540" height="1372" />
    <size key="GridCell.Tab.6.left.1512.-458.3440.1440" width="2669" height="354" />
    <size key="GridCell.Tab.6.center.1512.-458.3440.1440" width="2669" height="354" />
    <size key="GridCell.Tab.6.right.1512.-458.3440.1440" width="2669" height="354" />
    <size key="GridCell.Tab.6.bottom.1512.-458.3440.1440" width="2669" height="354" />
    <size key="GridCell.Tab.7.left.1512.-458.3440.1440" width="2669" height="354" />
    <size key="GridCell.Tab.7.center.1512.-458.3440.1440" width="2669" height="354" />
    <size key="GridCell.Tab.7.right.1512.-458.3440.1440" width="2669" height="354" />
    <size key="GridCell.Tab.7.bottom.1512.-458.3440.1440" width="2669" height="354" />
    <size key="GridCell.Tab.0.left.5120.-916.6720.3780@192dpi" width="6588" height="868" />
    <size key="GridCell.Tab.0.center.5120.-916.6720.3780@192dpi" width="6588" height="868" />
    <size key="GridCell.Tab.0.right.5120.-916.6720.3780@192dpi" width="6588" height="868" />
    <size key="GridCell.Tab.0.bottom.5120.-916.6720.3780@192dpi" width="6588" height="868" />
    <size key="GridCell.Tab.1.left.5120.-916.6720.3780@192dpi" width="2892" height="868" />
    <size key="GridCell.Tab.1.center.5120.-916.6720.3780@192dpi" width="2892" height="868" />
    <size key="GridCell.Tab.1.right.5120.-916.6720.3780@192dpi" width="2892" height="868" />
    <size key="GridCell.Tab.1.bottom.5120.-916.6720.3780@192dpi" width="2892" height="868" />
    <size key="find.popup.5120.-916.6720.3780@192dpi" width="1300" height="1018" />
    <size key="GridCell.Tab.2.left.5120.-916.6720.3780@192dpi" width="5846" height="876" />
    <size key="GridCell.Tab.2.center.5120.-916.6720.3780@192dpi" width="5846" height="876" />
    <size key="GridCell.Tab.2.right.5120.-916.6720.3780@192dpi" width="5846" height="876" />
    <size key="GridCell.Tab.2.bottom.5120.-916.6720.3780@192dpi" width="5846" height="876" />
    <size key="GridCell.Tab.0.left.0.0.5120.2880@192dpi" width="2622" height="358" />
    <size key="GridCell.Tab.0.center.0.0.5120.2880@192dpi" width="2622" height="358" />
    <size key="GridCell.Tab.0.right.0.0.5120.2880@192dpi" width="2622" height="358" />
    <size key="GridCell.Tab.0.bottom.0.0.5120.2880@192dpi" width="2622" height="358" />
    <size key="GridCell.Tab.8.left.5120.-916.6720.3780@192dpi" width="5660" height="1138" />
    <size key="GridCell.Tab.8.center.5120.-916.6720.3780@192dpi" width="5660" height="1138" />
    <size key="GridCell.Tab.8.right.5120.-916.6720.3780@192dpi" width="5660" height="1138" />
    <size key="GridCell.Tab.8.bottom.5120.-916.6720.3780@192dpi" width="5660" height="1138" />
    <size key="find.popup.0.0.5120.2880@192dpi" width="1300" height="1016" />
    <size key="GridCell.Tab.3.left.5120.-916.6720.3780@192dpi" width="5846" height="876" />
    <size key="GridCell.Tab.3.center.5120.-916.6720.3780@192dpi" width="5846" height="876" />
    <size key="GridCell.Tab.3.right.5120.-916.6720.3780@192dpi" width="5846" height="876" />
    <size key="GridCell.Tab.3.bottom.5120.-916.6720.3780@192dpi" width="5846" height="876" />
    <size key="GridCell.Tab.8.left.1512.-458.3440.1440" width="2815" height="641" />
    <size key="GridCell.Tab.8.center.1512.-458.3440.1440" width="2815" height="641" />
    <size key="GridCell.Tab.8.right.1512.-458.3440.1440" width="2815" height="641" />
    <size key="GridCell.Tab.8.bottom.1512.-458.3440.1440" width="2815" height="641" />
    <size key="GridCell.Tab.9.left.1512.-458.3440.1440" width="2815" height="641" />
    <size key="GridCell.Tab.9.center.1512.-458.3440.1440" width="2815" height="641" />
    <size key="GridCell.Tab.9.right.1512.-458.3440.1440" width="2815" height="641" />
    <size key="GridCell.Tab.9.bottom.1512.-458.3440.1440" width="2815" height="641" />
    <size key="GridCell.Tab.10.left.1512.-458.3440.1440" width="2815" height="641" />
    <size key="GridCell.Tab.10.center.1512.-458.3440.1440" width="2815" height="641" />
    <size key="GridCell.Tab.10.right.1512.-458.3440.1440" width="2815" height="641" />
    <size key="GridCell.Tab.10.bottom.1512.-458.3440.1440" width="2815" height="641" />
    <size key="GridCell.Tab.11.left.1512.-458.3440.1440" width="2815" height="641" />
    <size key="GridCell.Tab.11.center.1512.-458.3440.1440" width="2815" height="641" />
    <size key="GridCell.Tab.11.right.1512.-458.3440.1440" width="2815" height="641" />
    <size key="GridCell.Tab.11.bottom.1512.-458.3440.1440" width="2815" height="641" />
    <size key="GridCell.Tab.4.left.1512.-458.3440.1440" width="2815" height="590" />
    <size key="GridCell.Tab.4.center.1512.-458.3440.1440" width="2815" height="590" />
    <size key="GridCell.Tab.4.right.1512.-458.3440.1440" width="2815" height="590" />
    <size key="GridCell.Tab.4.bottom.1512.-458.3440.1440" width="2815" height="590" />
    <size key="GridCell.Tab.0.left.1800.-458.3440.1440" width="3358" height="439" />
    <size key="GridCell.Tab.0.center.1800.-458.3440.1440" width="3358" height="439" />
    <size key="GridCell.Tab.0.right.1800.-458.3440.1440" width="3358" height="439" />
    <size key="GridCell.Tab.0.bottom.1800.-458.3440.1440" width="3358" height="439" />
    <size key="GridCell.Tab.1.left.1800.-458.3440.1440" width="3358" height="469" />
    <size key="GridCell.Tab.1.center.1800.-458.3440.1440" width="3358" height="469" />
    <size key="GridCell.Tab.1.right.1800.-458.3440.1440" width="3358" height="469" />
    <size key="GridCell.Tab.1.bottom.1800.-458.3440.1440" width="3358" height="469" />
    <size key="find.popup.1800.-458.3440.1440" width="687" height="540" />
    <size key="GridCell.Tab.8.left.1800.-458.3440.1440" width="2931" height="429" />
    <size key="GridCell.Tab.8.center.1800.-458.3440.1440" width="2931" height="429" />
    <size key="GridCell.Tab.8.right.1800.-458.3440.1440" width="2931" height="429" />
    <size key="GridCell.Tab.8.bottom.1800.-458.3440.1440" width="2931" height="429" />
    <size key="GridCell.Tab.2.left.1800.-458.3440.1440" width="2904" height="537" />
    <size key="GridCell.Tab.2.center.1800.-458.3440.1440" width="2904" height="537" />
    <size key="GridCell.Tab.2.right.1800.-458.3440.1440" width="2904" height="537" />
    <size key="GridCell.Tab.2.bottom.1800.-458.3440.1440" width="2904" height="537" />
    <size key="GridCell.Tab.1.left.0.0.3600.2338@192dpi" width="6716" height="1142" />
    <size key="GridCell.Tab.1.center.0.0.3600.2338@192dpi" width="6716" height="1142" />
    <size key="GridCell.Tab.1.right.0.0.3600.2338@192dpi" width="6716" height="1142" />
    <size key="GridCell.Tab.1.bottom.0.0.3600.2338@192dpi" width="6716" height="1142" />
    <size key="GridCell.Tab.9.left.1800.-458.3440.1440" width="2904" height="537" />
    <size key="GridCell.Tab.9.center.1800.-458.3440.1440" width="2904" height="537" />
    <size key="GridCell.Tab.9.right.1800.-458.3440.1440" width="2904" height="537" />
    <size key="GridCell.Tab.9.bottom.1800.-458.3440.1440" width="2904" height="537" />
  </component>
  <component name="WindowManager">
    <frame x="0" y="0" width="1418" height="859" extendedState="6" />
  </component>
  <component name="WindowStateApplicationService">
    <state x="3520" y="147" width="800" height="650" key="WELCOME_SCREEN" timestamp="1754055866683">
      <screen x="1800" y="-433" width="3440" height="1415" />
    </state>
    <state x="3520" y="147" width="800" height="650" key="WELCOME_SCREEN/0.44.1800.1125/1800.-433.3440.1415" timestamp="1754055866683" />
  </component>
</application>